<Phenotype>,,,,,,,,,,,,,,,,,,,,,,,,,,
taxa,factor,data,data,data,data,data,data,data,data,data,data,data,data,data,data,data,data,data,data,data,data,covariate,covariate,covariate,covariate,covariate
Taxa,Treatment,GOX,HPR,POX,APX,GPX,CAT,GST,SOD,DHAR,MDHAR,AO,GR,Grxs,Trxs,Prxs,Frxs,MDA,TAC,Poly,ProtOx,PC1,PC2,PC3,PC4,PC5
117268,DRO,0.93,0.369,0.489,-0.091,-0.896,1.782,-0.442,2.58,-0.932,-0.297,-0.857,-1.553,-0.932,2.101,1.389,0.063,1.5,0.859,1.571,-0.13,47.7947158813477,22.4113597869873,-33.2759284973145,10.1734638214111,11.9105958938599
117271,DRO,0.797,-0.003,0.322,0.334,-0.863,1.772,-0.535,2.451,-1.036,-0.58,-0.921,-1.569,-1.347,1.956,1.33,-0.056,1.121,0.808,2.058,-0.156,26.2314319610596,10.4421739578247,15.4508771896362,-8.43247985839844,2.98423790931702
117276,DRO,1.16,0.797,0.548,-0.101,-0.656,1.245,-0.585,2.45,-1.18,-0.668,-0.804,-1.678,-1.252,1.92,1.535,-0.053,1.406,0.62,1.826,-0.099,0.393302768468857,-43.7418403625488,-10.1293535232544,4.87773609161377,-1.85183322429657
117277,DRO,0.835,0.554,0.506,0.113,-0.644,1.992,-0.348,3.086,-1.06,-0.529,-0.836,-1.678,-0.754,2.41,1.448,0.313,1.615,0.752,1.479,0.102,28.341609954834,-2.95059537887573,-8.64367866516113,-0.835581243038177,6.16001892089844
117280,DRO,0.89,0.466,0.543,-0.128,-0.759,1.26,-0.726,2.518,-1.114,-0.757,-0.745,-1.432,-1.215,1.973,1.425,0.008,1.349,0.751,2.006,-0.167,17.4337921142578,-51.0372047424316,-24.5958709716797,-14.4678792953491,-5.50032758712769
117443,DRO,0.616,0.263,0.256,0.275,-0.676,1.836,-0.672,2.312,-0.939,-0.374,-0.987,-2,-1.26,1.958,1.31,-0.039,1.512,0.724,1.746,-0.077,14.4257392883301,1.81537735462189,44.8129463195801,-3.54339194297791,-12.5247497558594
117447,DRO,1.072,0.747,0.414,0.28,-0.706,1.827,-0.45,2.548,-1.252,-0.693,-0.979,-1.553,-1.222,2.019,1.433,-0.037,1.584,0.805,1.275,-0.057,-15.2640390396118,14.7144994735718,16.2688655853271,10.635458946228,20.6564331054688
117454,DRO,1.012,0.576,0.456,-0.116,-0.658,1.346,-0.668,2.464,-1.569,-0.16,-0.833,-1.276,-1.229,1.963,1.401,-0.019,1.65,0.695,1.864,-0.108,-3.27083802223206,6.54418706893921,-21.1907787322998,14.6374158859253,-9.04751396179199
117460,DRO,0.858,0.406,0.335,0.392,-0.719,1.961,-0.53,2.46,-1.143,-0.572,-1.018,-1.824,-1.143,2.096,1.384,0.081,1.626,0.684,2.103,0.056,-15.404580116272,9.46097469329834,25.2401847839355,8.22368431091309,23.8306331634521
117463,DRO,0.92,0.417,0.402,0.375,-0.827,1.846,-0.666,2.31,-0.78,-0.186,-0.979,-1.658,-1.337,1.927,1.43,-0.118,1.421,0.504,1.766,-0.04,-23.9306125640869,6.28875017166138,20.3600769042969,6.21962451934814,34.507568359375
117470,DRO,0.816,0.447,0.042,-0.152,-1.208,1.733,-0.623,2.639,-1.097,-0.37,-0.863,-1.678,-1.046,2.052,0.978,-0.018,1.384,0.701,1.391,-0.18,-47.468822479248,14.1803750991821,12.9283952713013,-2.12813353538513,36.7939224243164
117478,DRO,0.72,0.22,0.446,0.454,-0.676,1.952,-0.504,2.483,-0.78,-0.317,-1.022,-1.745,-1.161,2.13,1.481,-0.023,1.367,0.682,1.887,0.014,-0.159838557243347,-20.1564102172852,25.5718364715576,11.3331575393677,13.5309219360352
117500,DRO,0.815,0.38,0.499,0.493,-0.526,1.943,-0.433,2.559,-1.036,-0.807,-0.854,-1.886,-1.056,2.134,1.541,0.132,1.389,0.653,1.82,0.071,-29.1358833312988,8.06927394866943,8.47936725616455,5.37740039825439,12.5612983703613
117501,DRO,0.792,0.764,0.497,0.34,-0.642,1.832,-0.371,2.641,-1.046,-0.721,-0.75,-1.824,-1.201,2.035,1.437,0.022,1.563,0.748,1.592,-0.007,-22.3768672943115,2.10371327400208,15.94566822052,7.87351131439209,17.3137664794922
117520,DRO,0.9,0.558,0.558,0.534,-0.53,2.004,-0.573,1.876,-0.724,-0.365,-0.845,-1.62,-1.149,2.137,1.58,0.076,1.24,0.517,1.64,0.102,24.9002437591553,12.1931161880493,48.7098121643066,-15.1133165359497,-18.1962013244629
117521,DRO,0.855,0.7,0.202,0.308,-0.682,1.882,-0.582,2.395,-0.896,-0.372,-1.022,-1.658,-1.301,1.958,1.211,-0.025,1.56,0.674,1.824,-0.028,-28.168981552124,10.9334239959717,13.3805360794067,8.85032749176025,21.565393447876
117525,DRO,0.999,0.746,0.402,-0.035,-0.638,1.458,-0.48,2.755,-1.301,-0.695,-0.883,-1.824,-1.013,1.918,1.352,-0.035,1.271,0.661,1.573,-0.088,-31.2298469543457,3.07587480545044,-4.83276319503784,48.7564659118652,-49.4488334655762
117527,DRO,0.948,0.576,0.481,0.23,-0.646,1.809,-0.462,2.543,-1.222,-0.783,-0.821,-1.77,-1.215,2.062,1.468,0.012,1.611,0.72,1.789,-0.057,-45.0255470275879,15.5167722702026,17.9967842102051,-0.0133249014616013,40.0341148376465
117531,DRO,0.733,0.419,0.482,-0.003,-0.55,1.862,-0.474,2.736,-1.06,-0.44,-0.793,-1.678,-0.848,2.198,1.417,0.146,1.771,0.745,1.39,0.101,39.5555229187012,20.1480045318604,-11.5438861846924,-18.0193977355957,-13.5124759674072
117533,DRO,0.978,0.642,0.323,-0.169,-0.873,1.342,-0.521,2.52,-1.456,-0.547,-0.896,-1.77,-1.119,1.758,1.282,-0.133,1.464,0.7,1.532,-0.203,-27.2232646942139,16.0926246643066,-35.5488319396973,39.250919342041,-11.4766855239868
117559,DRO,0.771,0.383,0.231,0.396,-0.629,1.858,-0.79,2.208,-1.032,-0.662,-0.947,-1.585,-1.229,2.02,1.233,0.007,1.331,0.642,1.874,-0.024,39.0102500915527,32.4405708312988,25.8000106811523,-17.8406219482422,-12.2271423339844
117561,DRO,0.909,0.363,0.201,0.44,-0.848,1.963,-0.489,2.487,-0.996,-0.439,-1.161,-1.745,-1.137,2.133,1.225,0.015,1.375,0.657,1.928,0.039,10.1224718093872,-7.29002475738525,38.5822982788086,7.59787559509277,10.3845825195312
117563,DRO,0.91,0.5,0.372,-0.032,-0.73,0.313,-0.742,2.735,-1.086,-0.446,-0.87,-1.886,-1.119,1.932,1.383,-0.003,1.395,0.717,2.096,-0.055,-36.9932441711426,1.16932737827301,-2.8931303024292,8.17262268066406,-6.23762845993042
117564,DRO,1.165,1.125,0.459,-0.005,-0.597,1.459,-0.523,2.695,-1.076,-0.427,-0.79,-1.824,-0.857,1.902,1.498,-0.027,1.603,0.625,1.541,0.037,-34.5844039916992,4.41445302963257,-5.40316915512085,5.6327600479126,-3.79156827926636
117567,DRO,0.838,0.725,0.364,0.394,-0.724,1.795,-0.504,2.51,-1.194,-0.845,-0.979,-2,-1.215,2.032,1.396,-0.007,1.294,0.717,1.752,-0.074,-29.410364151001,-0.597884595394135,-7.82768535614014,31.8045234680176,-22.3290634155273
117574,DRO,0.805,0.435,0.278,0.085,-1.009,1.652,-0.529,2.469,-1.602,-0.896,-0.907,-1.409,-1.347,1.869,1.251,-0.059,1.537,0.91,1.628,-0.243,4.177405834198,-14.4145660400391,36.714168548584,13.083477973938,18.9978046417236
117587,DRO,0.993,0.272,0.549,0.414,-0.86,1.93,-0.582,2.414,-1.032,-0.37,-1.06,-1.509,-1.495,2.018,1.582,0.043,1.164,0.459,1.466,0.001,5.12530946731567,-9.15590286254883,33.460391998291,6.30292654037476,-0.362636357545853
117589,DRO,0.834,0.457,0.401,0.376,-0.695,1.817,-0.526,2.459,-1.131,-0.747,-0.943,-1.678,-1.252,2.012,1.415,-0.022,1.388,0.813,2.122,-0.105,8.45366477966309,-25.0592308044434,25.6799182891846,-8.66987228393555,-7.61385917663574
117598,DRO,0.812,0.394,0.365,-0.145,-0.79,0.375,-0.507,2.544,-1.222,-0.592,-0.91,-1.658,-1.26,1.956,1.295,-0.01,1.469,0.708,2.024,-0.091,2.84544944763184,15.8608322143555,41.4835052490234,-18.5764961242676,-32.1131858825684
117622,DRO,1.082,0.608,0.347,-0.04,-0.788,0.811,-0.721,2.67,-1.187,-0.764,-0.91,-2,-1.041,1.983,1.312,0.015,1.273,0.661,2.05,-0.077,5.07268619537354,-61.471363067627,-29.3590545654297,-8.77772045135498,-1.39540803432465
117623,DRO,0.854,0.512,0.435,-0.081,-0.703,1.78,-0.613,2.649,-1.066,-0.382,-0.87,-1.538,-0.879,2.09,1.418,0.194,1.506,0.869,1.69,-0.073,32.7775573730469,22.1366844177246,25.9624862670898,-17.0009002685547,-18.7538585662842
117636,DRO,1.06,0.633,0.313,-0.066,-0.638,0.741,-0.783,2.609,-1.268,-0.939,-0.851,-1.824,-1.076,1.959,1.288,0.03,1.575,0.65,1.911,-0.069,7.36947870254517,-63.4773635864258,-22.679048538208,-9.06115436553955,1.43895578384399
117659,DRO,0.739,0.207,0.536,-0.239,-0.991,1.279,-0.68,2.58,-1.854,-1.357,-0.842,-1.509,-1.167,1.772,1.472,-0.178,1.316,0.517,1.614,-0.21,37.6606063842773,16.6252975463867,-5.7407751083374,-21.3703651428223,-8.57972812652588
117681,DRO,1.027,0.872,0.435,-0.095,-0.678,1.77,-0.506,2.485,-1.155,-0.554,-0.876,-1.495,-0.991,2.057,1.429,0.069,1.335,0.703,1.349,-0.13,6.64258575439453,-47.6698036193848,-23.8692569732666,-8.0769214630127,1.06482803821564
117682,DRO,0.958,0.739,0.417,-0.117,-1.284,0.923,-0.583,2.443,-0.928,-0.137,-0.767,-1.469,-0.983,1.776,1.381,-0.159,1.452,0.973,1.706,-0.167,-0.373330771923065,-27.4491844177246,18.9508857727051,15.968056678772,7.66452884674072
117684,DRO,0.828,0.548,0.488,0.332,-0.616,1.855,-0.548,2.427,-1.114,-0.886,-0.889,-1.638,-1.268,1.913,1.523,-0.056,1.451,0.799,2.229,0.198,5.9648060798645,-26.900318145752,26.2579822540283,-7.39368295669556,-8.06381130218506
117691,DRO,1.174,0.826,0.355,-0.077,-0.697,1.43,-0.47,2.637,-1.276,-1.041,-0.9,-1.602,-1.051,1.961,1.356,0.067,1.534,0.733,1.536,-0.078,-23.821834564209,16.1324844360352,-35.798454284668,39.6864624023438,-10.2151527404785
117745,DRO,1.111,0.794,0.568,-0.128,-1.066,1.368,-0.686,2.77,-1.495,-0.733,-0.951,-1.409,-1.076,1.818,1.588,-0.093,1.501,0.559,1.755,-0.109,9.35562896728516,-39.5089912414551,-13.8460540771484,-6.67831468582153,0.179137766361237
117757,DRO,0.959,1.021,0.396,0.064,-0.9,1.978,-0.431,2.911,-0.883,-0.282,-0.889,-2.155,-0.75,2.242,1.357,0.248,1.664,0.803,0.595,0.091,41.991512298584,30.0996131896973,-23.187084197998,-2.74142718315125,5.25200080871582
117758,DRO,0.746,-0.074,0.304,0.3,-0.963,1.723,-0.733,2.229,-0.987,-0.611,-0.886,-1.523,-1.301,1.964,1.307,-0.129,1.091,0.646,1.869,-0.169,47.2713165283203,8.6562385559082,-10.9171743392944,-25.9349899291992,-22.2185535430908
117784,DRO,1.147,0.811,0.394,-0.081,-1.387,1.374,-0.65,2.419,-1.854,-1.137,-0.783,-1.432,-1.041,1.809,1.349,-0.162,1.482,0.522,1.909,-0.071,9.80491638183594,-50.5988845825195,-22.7202472686768,-16.0514335632324,-8.41545104980469
117793,DRO,0.993,0.346,0.475,-0.05,-0.686,1.817,-0.463,2.614,-1.114,-0.604,-0.939,-1.495,-0.896,2.124,1.426,0.138,1.33,0.785,1.838,-0.078,7.61617946624756,-35.6364402770996,0.419813215732574,-6.15657138824463,0.1595798432827
117826,DRO,0.922,0.555,0.28,-0.081,-0.695,0.953,-0.752,2.623,-1.284,-0.68,-0.876,-1.959,-1.097,1.998,1.244,0.045,1.384,0.754,1.917,-0.152,9.63858413696289,-50.6088180541992,-22.6899433135986,-16.2390365600586,-8.44979286193848
117829,DRO,0.776,0.432,0.327,0.33,-0.686,1.85,-0.672,2.296,-0.857,-0.229,-0.873,-1.602,-1.26,1.872,1.336,-0.134,1.531,1.129,2.18,-0.066,24.9295272827148,20.6621208190918,3.33736276626587,-14.2665977478027,-4.73047399520874
117840,DRO,1.064,0.76,0.518,-0.018,-0.907,1.476,-0.491,2.596,-1.658,-0.735,-0.785,-1.553,-1.076,1.962,1.461,-0.021,1.472,0.571,1.64,-0.014,10.2254600524902,-58.6032485961914,-27.7763137817383,-12.900990486145,-2.97396111488342
117841,DRO,0.974,0.739,0.454,-0.116,-0.678,1.264,-0.592,2.526,-1.721,-0.836,-0.845,-1.658,-1.174,1.83,1.395,-0.086,1.598,0.671,1.478,-0.106,7.59208345413208,-18.359899520874,25.8112049102783,3.26147818565369,8.80544662475586
117848,DRO,1.117,1.295,0.369,0.306,-0.559,1.89,-0.492,2.502,-1.26,-0.564,-0.801,-1.585,-1.215,2.079,1.362,0.011,1.477,0.929,2.106,-0.033,15.4461135864258,-54.0162773132324,-30.3373069763184,-17.0308780670166,-5.53058815002441
117849,DRO,1.199,1.018,0.498,-0.077,-0.654,1.445,-0.607,2.641,-1.208,-0.625,-0.896,-1.658,-1.022,1.852,1.503,-0.126,1.29,0.489,1.657,-0.116,15.4542388916016,-53.8134307861328,-30.1398010253906,-17.089973449707,-5.44900894165039
117880,DRO,0.967,0.442,0.045,-0.057,-0.67,1.83,-0.559,2.573,-1.131,-0.526,-0.788,-1.796,-1.056,2.229,1.044,0.148,1.352,0.783,1.969,-0.106,7.58122777938843,-10.6521139144897,34.547966003418,6.13719129562378,8.42532920837402
117881,DRO,1.03,0.43,0.439,0.047,-0.724,1.943,-0.622,3.119,-1.076,-0.701,-1.092,-1.721,-0.955,2.187,1.464,0.156,1.493,0.55,1.784,0.003,5.41123342514038,-26.2041912078857,26.0854511260986,-3.84003710746765,-10.1796884536743
117907,DRO,0.967,0.471,0.605,0.166,-0.592,2.049,-0.445,3.137,-0.5,-0.548,-0.903,-1.824,-0.688,2.406,1.56,0.433,1.259,0.677,1.816,0.126,23.346378326416,-37.4274864196777,-27.2498950958252,-18.5062732696533,-9.51073932647705
117912,DRO,0.947,0.344,0.484,0.046,-0.726,1.937,-0.492,2.892,-1.108,-0.848,-0.762,-1.237,-0.917,2.165,1.331,0.161,1.49,0.67,1.761,0.053,25.7425289154053,-14.4509439468384,-14.025580406189,-16.4861660003662,-7.45406103134155
117915,DRO,1.224,0.862,0.567,-0.126,-1.854,1.515,-0.556,2.421,-1.699,-0.815,-0.752,-1.328,-1.066,1.88,1.432,-0.119,1.599,0.698,1.693,-0.107,-8.72092723846436,25.243278503418,-23.8685722351074,39.4666061401367,16.9146919250488
120855,DRO,0.93,0.509,0.44,-0.031,-0.633,1.442,-0.551,2.608,-1.469,-0.893,-0.896,-1.921,-0.921,2.108,1.433,0.112,1.402,0.605,1.755,-0.025,35.6897315979004,7.95043134689331,-25.7685604095459,-6.44281530380249,-1.67821431159973
120856,DRO,0.999,0.452,-0.093,0.058,-0.638,1.942,-0.516,2.939,-0.719,-0.41,-0.928,-1.187,-0.889,2.216,0.919,0.113,1.185,0.644,1.646,0.012,-27.3537845611572,2.37872815132141,-8.91561985015869,44.8114166259766,-40.1485595703125
120859,DRO,0.913,0.802,0.46,0.386,-0.66,1.779,-0.452,2.547,-1.086,-0.573,-0.854,-1.569,-1.149,2.097,1.5,0.072,1.479,0.907,2.1,0.002,-46.9368858337402,16.2917995452881,9.68431949615479,-5.36065292358398,34.1547813415527
120860,DRO,0.694,0.338,0.373,0.413,-0.796,1.889,-0.642,2.359,-0.827,-0.317,-1.036,-1.658,-1.208,2.069,1.356,-0.021,1.433,0.57,1.847,-0.028,12.4596118927002,-2.83778166770935,41.703784942627,0.887537062168121,-1.10632562637329
120861,DRO,0.989,0.689,0.444,-0.074,-0.633,1.831,-0.487,2.599,-1.032,-0.561,-0.815,-1.638,-0.924,2.25,1.312,0.157,1.499,0.63,1.487,-0.042,19.0741100311279,-28.7730712890625,-15.8944978713989,-10.5552911758423,2.20528435707092
120862,DRO,1.17,0.891,0.504,-0.105,-0.564,1.529,-0.514,2.575,-1.167,-0.614,-0.947,-1.509,-1.137,1.963,1.443,0.008,1.63,0.719,1.866,-0.141,-1.44838523864746,-41.0903053283691,-8.55019569396973,2.42115926742554,-5.87946271896362
120863,DRO,0.696,0.132,0.522,0.456,-0.544,1.916,-0.484,2.523,-1.108,-0.733,-0.721,-1.509,-1.167,2.015,1.549,0.036,1.381,0.903,2.295,-0.005,30.993335723877,0.792498886585236,0.726140677928925,-14.9088182449341,-9.16054534912109
120867,DRO,1.106,0.677,0.562,-0.092,-1.458,1.73,-0.343,2.639,-1.119,-0.32,-0.812,-1.745,-0.936,2.132,1.527,0.075,1.599,0.851,1.25,-0.121,1.77637791633606,-21.7214107513428,16.5149421691895,3.85736966133118,20.1896858215332
120878,DRO,0.797,0.27,0.52,-0.017,-0.83,1.862,-0.449,2.651,-0.83,-0.395,-1.092,-1.509,-0.876,2.2,1.487,0.16,1.318,0.764,1.475,-0.029,25.7491874694824,7.722975730896,30.2318325042725,-16.4852733612061,-30.132719039917
120879,DRO,0.902,0.78,0.465,0.141,-0.893,1.694,-0.544,2.47,-1.469,-0.719,-0.907,-1.481,-1.268,1.923,1.42,-0.114,1.582,0.808,1.906,-0.171,-25.3845710754395,11.6128969192505,7.44468355178833,11.3701429367065,20.7600517272949
120880,DRO,0.93,0.51,0.494,-0.111,-0.64,1.356,-0.777,2.545,-1.268,-0.611,-0.772,-1.31,-1.194,1.953,1.331,-0.036,1.462,0.65,1.818,-0.126,6.9529914855957,-61.2367668151855,-23.9242687225342,-8.4621000289917,1.61338639259338
120882,DRO,0.73,0.411,0.395,0.399,-0.812,1.945,-0.53,2.441,-0.991,-0.435,-1.131,-1.745,-1.208,2.076,1.433,-0.049,1.606,0.643,1.618,0.078,-35.4275207519531,3.17549753189087,6.35929918289185,7.36919641494751,4.4714994430542
120883,DRO,0.745,0.194,0.549,-0.075,-0.74,1.228,-0.55,2.423,-0.717,-0.172,-1.046,-1.585,-0.873,2.05,1.49,0.067,1.506,1.255,1.787,-0.049,35.0271186828613,25.5211296081543,-11.007285118103,-6.08940267562866,-8.54731178283691
120892,DRO,1.038,0.864,0.31,-0.116,-0.943,1.41,-0.553,2.632,-1.553,-0.845,-1.161,-1.633,-1.086,1.858,1.378,-0.075,1.522,0.746,1.575,-0.158,18.7983512878418,4.55441856384277,23.3091793060303,-9.81396770477295,-12.1772937774658
120893,DRO,0.901,0.286,0.456,-0.156,-0.996,1.335,-0.593,2.604,-1.854,-1.237,-0.896,-1.538,-1.131,1.853,1.385,-0.122,1.299,0.576,1.568,-0.187,19.9110622406006,4.31791687011719,-0.696076214313507,-10.4976892471313,-9.98647785186768
120895,DRO,1.097,0.528,0.363,0.032,-0.807,1.935,-0.656,3.016,-1.081,-0.668,-1.097,-1.796,-0.879,2.443,1.338,0.281,1.6,0.618,1.681,-0.005,-17.5977306365967,-0.380434453487396,22.4703922271729,12.6775531768799,12.2423315048218
120904,DRO,0.913,0.399,0.144,0.276,-0.91,1.796,-0.496,2.498,-1.027,-0.564,-1.18,-1.824,-1.201,1.981,1.244,-0.054,1.507,0.814,1.87,-0.116,-0.250772267580032,-15.3338708877563,20.6044139862061,7.01938199996948,13.8678169250488
120909,DRO,1.151,0.78,0.483,-0.033,-0.666,0.946,-0.491,2.478,-1.237,-0.554,-0.947,-1.444,-1,1.951,1.523,0.051,1.41,0.581,1.583,0.055,6.30355358123779,-50.430419921875,-15.5990695953369,-0.957840502262115,1.8953093290329
120912,DRO,0.993,0.485,0.524,0.387,-0.629,1.905,-0.442,2.553,-1.119,-0.65,-0.863,-1.602,-1.149,2.07,1.572,-0.006,1.347,0.922,2.277,-0.045,5.54163885116577,-24.309061050415,25.9683017730713,-6.98293256759644,-10.0354537963867
120913,DRO,0.747,0.285,0.292,0.248,-0.873,1.778,-0.513,2.475,-0.928,-0.372,-1.102,-1.456,-1.187,2.064,1.309,-0.064,1.482,0.765,1.637,-0.124,-9.2626428604126,6.96902990341187,15.7892475128174,19.2178020477295,24.3250942230225
120914,DRO,1.254,0.615,0.537,-0.054,-0.635,1.427,-0.498,2.678,-1.208,-0.538,-0.777,-1.824,-0.928,1.982,1.546,-0.004,1.484,0.548,1.544,0.006,1.15830850601196,-23.8758602142334,24.2624073028564,10.8828582763672,6.00677347183228
120916,DRO,0.716,0.228,0.475,0.054,-0.567,1.994,-0.447,2.92,-0.697,-0.165,-0.783,-1.658,-0.833,2.189,1.42,0.165,1.234,1.21,1.993,0.024,26.5806541442871,3.06299781799316,-18.3997745513916,-3.62764310836792,15.611701965332
120924,DRO,0.696,0.43,0.316,0.258,-0.717,1.768,-0.573,2.443,-1.081,-0.547,-1.018,-1.886,-1.26,1.945,1.334,-0.102,1.443,0.707,1.829,-0.139,-18.8842182159424,0.646332204341888,16.8080577850342,12.8153734207153,23.7164440155029
120925,DRO,1.101,0.696,0.523,-0.074,-1.108,0.018,-0.788,2.683,-1.509,-0.975,-1.26,-1.921,-1.097,1.932,1.512,-0.028,1.473,0.655,2.062,-0.052,10.8901252746582,-52.9581069946289,-26.1897563934326,-5.39067602157593,1.02072417736053
120929,DRO,1.03,0.772,0.413,-0.035,-0.652,0.853,-0.562,2.679,-1.155,-0.701,-0.971,-1.745,-1.26,1.987,1.448,0.095,1.438,0.768,2.393,-0.053,7.78956079483032,-53.6881446838379,-22.7979965209961,-13.8950777053833,0.959312736988068
120939,DRO,1.005,0.626,0.403,-0.139,-1.387,0.24,-0.451,2.358,-0.907,-0.264,-0.71,-1.658,-0.947,1.989,1.358,0.008,1.242,1.137,1.701,-0.138,24.0898952484131,30.7021617889404,-32.5588417053223,5.62646532058716,6.27115392684937
120946,DRO,0.93,0.49,0.45,-0.105,-0.672,1.314,-0.726,2.621,-1.143,-0.629,-0.839,-1.337,-1.208,2.022,1.453,0.042,1.39,0.735,1.836,-0.15,19.0836067199707,-40.3545150756836,-24.08957862854,-14.4167070388794,-2.92638897895813
120947,DRO,0.845,0.658,0.512,-0.037,-0.592,1.869,-0.46,2.529,-0.693,-0.213,-0.77,-1.602,-0.921,2.253,1.419,0.247,1.288,1.285,2.007,-0.091,33.4691009521484,28.0920257568359,-9.99110984802246,-2.04004144668579,-3.64985942840576
120948,DRO,0.843,1.048,0.44,-0.011,-0.64,1.901,-0.636,2.959,-1.167,-0.438,-0.943,-2.398,-0.955,2.327,1.41,0.211,1.636,0.507,1.453,0.018,-12.100284576416,-2.66255855560303,8.55256652832031,13.4803037643433,-5.59072971343994
120949,DRO,1.009,0.49,0.452,-0.127,-1.284,1.377,-0.67,2.593,-1.638,-1.125,-0.772,-1.585,-1.092,1.836,1.402,-0.11,1.382,0.473,1.522,-0.133,41.5836753845215,11.5621795654297,6.38109970092773,-16.6775512695312,-11.1186084747314
120952,DRO,1.351,0.677,0.557,-0.1,-1.119,1.741,-0.319,2.716,-1.086,0.301,-0.752,-1.638,-1,2.094,1.51,0.067,1.635,1.284,1.652,-0.135,-4.79150056838989,-13.6131896972656,23.0063896179199,0.95408046245575,5.57089805603027
120958,DRO,0.996,0.737,0.259,0.167,-0.68,1.883,-0.682,2.963,-1.137,-0.652,-0.959,-0.804,-0.854,2.281,1.207,0.249,1.547,0.725,1.791,-0.039,-35.5194854736328,3.6176872253418,-5.72080993652344,42.728759765625,-45.7589721679688
120959,DRO,0.887,0.52,0.455,0.44,-0.611,1.953,-0.524,2.45,-0.708,-0.567,-0.81,-1.658,-1.222,2.059,1.483,0.02,1.36,0.709,1.979,0.027,-5.62026739120483,-13.0760335922241,17.6114959716797,7.07363367080688,20.227632522583
120964,DRO,1.013,0.546,0.584,-0.031,-0.682,1.875,-0.45,2.643,-1.187,-0.211,-0.975,-1.523,-0.914,1.845,1.556,-0.13,1.364,1.179,1.366,-0.053,-5.94815635681152,-14.3033132553101,20.3086910247803,-2.09304356575012,-1.33697545528412
120970,DRO,1.056,0.811,0.499,-0.081,-0.449,1.602,-0.517,2.654,-0.947,-0.351,-0.845,-1.387,-1.071,1.996,1.39,0.015,1.516,0.799,1.394,-0.124,9.34163570404053,-65.3020324707031,-24.5202236175537,-8.33721733093262,-1.80028402805328
120972,DRO,1.185,0.99,0.467,-0.036,-0.386,1.65,-0.439,2.554,-1.187,-0.772,-0.73,-1.509,-1.051,2.02,1.349,0.049,1.634,0.659,1.713,-0.076,1.77093350887299,-51.7863616943359,-14.7946729660034,-6.86433076858521,-4.37004613876343
120977,DRO,1,0.451,0.366,0.453,-0.728,1.746,-0.708,2.271,-0.967,-0.738,-0.943,-1.553,-1.252,2.041,1.355,0.011,1.135,0.573,1.427,-0.025,39.8194541931152,16.8296985626221,7.86530065536499,-14.8665533065796,-9.93268203735352
120979,DRO,0.599,-0.028,0.364,0.337,-0.666,1.8,-0.541,2.448,-0.785,-0.394,-0.91,-1.638,-1.208,1.901,1.367,-0.133,1.177,1.153,1.999,-0.157,33.2168464660645,16.2505340576172,11.3052110671997,-3.92844772338867,-6.0982928276062
120981,DRO,0.804,0.781,0.499,0.023,-0.602,1.914,-0.492,2.705,-0.979,-0.374,-0.9,-1.721,-0.796,2.217,1.423,0.189,1.294,0.631,1.601,0.007,34.4406623840332,18.0067024230957,-23.590503692627,16.0767593383789,17.9307155609131
120982,DRO,0.844,0.325,0.395,0.566,-0.609,1.919,-0.583,2.401,-0.658,-0.428,-0.924,-1.699,-1.187,2.051,1.426,-0.007,1.148,0.837,2.24,-0.044,42.4534187316895,24.6729297637939,-12.9411020278931,-10.9636917114258,5.93450117111206
120983,DRO,0.431,-0.045,0.383,-0.033,-0.783,1.904,-0.492,2.894,-1.108,-0.724,-1.076,-2.046,-0.893,2.293,1.378,0.235,1.436,0.656,1.176,0.002,39.5833473205566,20.5663070678711,10.0020904541016,-26.3005924224854,-21.102294921875
120984,DRO,1.172,0.919,0.522,-0.07,-0.662,1.323,-0.533,2.593,-1.678,-0.848,-0.866,-1.824,-1.018,1.889,1.529,-0.057,1.522,0.709,1.99,-0.102,25.2295150756836,3.98078417778015,-1.3681138753891,-9.43512153625488,-7.73925161361694
120986,DRO,0.762,0.267,0.416,-0.087,-0.73,-0.59,-0.433,2.576,-1.041,-0.815,-0.991,-1.77,-1.276,2.007,1.391,0.06,1.41,0.77,1.854,-0.12,27.1709156036377,16.1435298919678,44.5716743469238,-17.5230693817139,-37.2312927246094
120987,DRO,1.029,0.715,0.483,-0.071,-0.717,1.2,-0.449,2.419,-1.046,-0.772,-0.775,-1.745,-0.943,2.02,1.438,0.088,1.522,0.705,1.719,-0.087,41.6042671203613,26.2436504364014,-29.5497741699219,9.45700263977051,16.8148231506348
120988,DRO,0.959,0.762,0.568,0.023,-0.611,1.915,-0.509,2.879,-0.83,-0.406,-0.876,-1.658,-0.87,2.32,1.494,0.214,1.535,0.608,0.907,0.029,28.07493019104,23.0874252319336,-2.83321189880371,-5.11414003372192,0.650551438331604
120994,DRO,0.654,0.004,0.227,0.296,-0.963,1.718,-0.726,2.266,-1.051,-0.524,-0.928,-1.469,-1.31,1.963,1.28,-0.079,1.169,0.634,1.618,-0.185,17.9016017913818,-9.71866130828857,20.1491088867188,-4.10878849029541,2.54353189468384
120998,DRO,1.103,0.648,0.502,-0.088,-1.051,0.73,-0.428,2.568,-1.194,-0.263,-0.833,-1.569,-1.276,1.968,1.431,-0.005,1.309,1.239,1.946,-0.109,-44.355110168457,11.4151000976562,-6.16285037994385,-11.074652671814,0.343406438827515
121001,DRO,0.957,0.695,0.541,-0.059,-1.301,1.359,-0.479,2.322,-1.125,-0.9,-0.706,-1.745,-0.924,2.052,1.575,0.08,1.37,0.634,1.786,-0.075,19.046875,-31.7679462432861,-23.8372650146484,-10.7123031616211,-1.0260763168335
121010,DRO,1.1,0.615,0.414,-0.087,-0.754,1.4,-0.582,2.684,-1.585,-0.921,-0.796,-1.553,-0.967,1.823,1.429,-0.064,1.271,0.605,1.624,-0.124,-28.4486141204834,6.74842977523804,-15.1102590560913,42.0544929504395,-28.9174385070801
121011,DRO,1.153,1.043,0.466,-0.103,-0.484,1.129,-0.742,2.465,-1.18,-0.9,-0.821,-1.456,-1.167,1.975,1.399,0.041,1.576,0.675,1.975,-0.068,-44.218433380127,3.16706776618958,-12.4711503982544,44.8697395324707,-28.7775478363037
121015,DRO,1.154,0.882,0.417,0.018,-0.575,1.461,-0.55,2.641,-1.276,-0.438,-0.754,-1.42,-0.991,1.908,1.389,-0.035,1.47,0.5,1.476,-0.003,-3.93397784233093,-17.02561378479,20.2612037658691,6.11979055404663,23.828893661499
121019,DRO,0.89,0.497,0.566,-0.092,-0.914,1.062,-0.441,2.552,-1.097,-0.336,-0.987,-1.569,-1.013,2.039,1.534,0.055,1.386,1.111,1.618,-0.138,-1.99032950401306,-16.6808414459229,19.4405002593994,3.21575427055359,8.20730590820312
121020,DRO,0.88,0.564,0.269,0.318,-0.724,1.845,-0.569,2.406,-1.009,-0.442,-1.027,-1.678,-1.268,1.883,1.292,0.002,1.424,0.482,1.413,-0.054,4.69701337814331,-16.0231494903564,29.5676860809326,2.78239703178406,8.14530467987061
121023,DRO,1.102,0.798,0.522,-0.068,-0.979,0.615,-0.52,2.526,-0.896,-0.022,-0.775,-1.721,-0.983,1.93,1.462,-0.015,1.422,1.04,1.619,-0.102,4.74743747711182,-16.037748336792,29.5798168182373,2.77952194213867,8.51557159423828
121024,DRO,0.861,0.404,0.391,-0.134,-0.764,0.54,-0.539,2.511,-0.967,-0.548,-0.971,-1.62,-1.367,1.929,1.345,0.033,1.315,0.817,1.774,-0.191,-35.7404403686523,10.4077949523926,-8.47607421875,47.2280769348145,-40.5905952453613
121028,DRO,1.086,0.782,0.516,-0.127,-3,1.344,-0.587,2.419,-1.569,-0.733,-0.714,-1.444,-1.076,1.757,1.484,-0.253,1.469,0.532,1.747,-0.128,-1.89999544620514,-21.8341999053955,16.307222366333,7.3699197769165,16.0906658172607
121034,DRO,0.919,0.484,0.099,-0.067,-0.79,1.806,-0.442,2.558,-0.684,-0.346,-0.987,-1.638,-1.194,2.034,1.116,0.045,1.181,0.957,2.293,-0.137,-11.5481986999512,-0.464384734630585,20.5348148345947,14.4797391891479,16.1261692047119
121035,DRO,0.859,0.559,0.406,0.348,-0.78,1.853,-0.625,2.348,-1.032,-0.514,-1.081,-1.602,-1.268,1.982,1.412,-0.02,1.56,0.795,1.827,-0.055,-13.6536560058594,5.24392366409302,11.6400785446167,13.2629985809326,23.0071334838867
121040,DRO,1.044,0.599,0.437,-0.131,-0.695,1.21,-0.83,2.508,-1.252,-1.046,-0.827,-1.42,-1.26,1.935,1.398,0.028,1.684,0.823,2.076,-0.124,4.48164558410645,-30.4928569793701,9.78033065795898,6.67975187301636,9.48492431640625
121041,DRO,0.767,0.405,0.476,0.321,-0.58,1.832,-0.451,2.545,-1.009,-0.274,-0.77,-1.854,-1.06,2.111,1.484,0.095,1.346,1.117,2.011,-0.064,-26.0812377929688,0.644495069980621,-5.09244966506958,31.1784534454346,-31.1495132446289
121042,DRO,0.995,0.906,0.372,-0.118,-0.703,0.882,-0.519,2.325,-1.42,-1.046,-0.863,-1.824,-1.022,2.073,1.316,0.135,1.466,0.649,1.607,-0.143,2.4575502872467,-54.207405090332,-19.4391708374023,-3.21125984191895,1.28522634506226
121043,DRO,0.902,0.54,0.249,-0.153,-0.807,1.707,-0.712,2.536,-0.79,-0.23,-1,-1.125,-1.036,1.998,1.185,-0.009,1.478,0.743,0.828,-0.144,7.02960538864136,-16.3169651031494,31.3086681365967,12.5570793151855,13.2674322128296
121044,DRO,1.081,0.428,0.403,-0.112,-1.796,0.708,-0.451,2.415,-1.854,-0.848,-0.764,-1.699,-0.975,1.996,1.283,0.026,1.289,0.664,1.662,-0.155,5.31468343734741,-27.7649078369141,23.9014301300049,9.37985134124756,13.7246150970459
121045,DRO,0.781,0.382,0.348,0.418,-0.81,1.933,-0.567,2.419,-0.73,-0.45,-1.108,-1.638,-1.131,2.105,1.354,-0.047,1.443,0.692,1.811,0.012,-3.18560457229614,-13.5492973327637,38.1475563049316,9.60991954803467,19.8363971710205
121049,DRO,0.8,0.773,0.368,0.189,-1.244,1.728,-0.495,2.486,-1.62,-0.987,-0.785,-1.409,-1.31,1.95,1.335,-0.11,1.648,0.722,1.861,-0.11,-67.3693466186523,19.1921939849854,-15.8504095077515,-26.5808601379395,-5.29829025268555
121050,DRO,0.97,0.983,0.513,-0.093,-0.71,1.741,-0.767,2.432,-0.848,-0.249,-0.979,-1.523,-0.943,2.017,1.541,0.127,1.489,0.838,1.123,-0.116,-69.4327621459961,19.8184909820557,-17.0425987243652,-44.9824066162109,-3.27085638046265
121051,DRO,0.82,0.479,0.128,0.279,-0.91,1.812,-0.544,2.459,-0.886,-0.472,-1.237,-1.602,-1.174,1.95,1.194,-0.099,1.366,0.728,1.455,-0.121,-26.218692779541,0.613541841506958,-5.15478610992432,31.1117076873779,-31.222017288208
121052,DRO,0.71,0.175,-0.334,0.029,-0.64,1.936,-0.545,2.992,-0.947,-0.664,-0.924,-1.268,-0.893,2.155,0.729,0.114,1.52,0.614,1.25,0.016,-62.0153579711914,22.2120780944824,1.84998309612274,-15.6536254882812,23.4523544311523
121053,DRO,0.708,0.111,0.33,0.348,-0.726,1.79,-0.446,2.552,-0.73,-0.328,-0.932,-1.745,-1.229,2.021,1.362,-0.049,1.293,0.696,1.718,-0.111,38.997875213623,19.3138790130615,8.26630687713623,-15.7750673294067,-16.9883899688721
121059,DRO,1.034,0.925,0.544,-0.032,-0.799,1.433,-0.66,2.537,-1.076,-1.367,-0.772,-1.602,-1.004,1.879,1.517,-0.067,1.521,0.509,1.712,-0.044,-28.2924003601074,0.686828553676605,-0.872619867324829,31.6355133056641,-22.0256080627441
121062,DRO,0.617,0.183,0.212,0.471,-0.886,1.855,-0.519,2.407,-0.577,-0.445,-1.292,-1.699,-1.237,2.073,1.236,-0.039,1.177,0.64,0.982,-0.108,-1.6388943195343,-1.63523864746094,29.267126083374,10.532751083374,17.7780590057373
121063,DRO,1.18,0.711,0.521,-0.057,-0.804,0.958,-0.523,2.699,-1.292,-0.889,-0.914,-1.523,-0.959,1.976,1.518,0.042,1.452,0.63,1.87,-0.002,4.33213043212891,-34.6365394592285,-3.1930992603302,3.13538336753845,3.55096411705017
121064,DRO,0.968,0.359,0.396,0.33,-0.65,1.865,-0.554,2.437,-0.851,-0.292,-0.914,-1.721,-1.143,1.963,1.393,-0.106,1.367,1.237,1.951,-0.093,-35.9297332763672,6.08258247375488,2.77824997901917,7.04576778411865,4.87341070175171
121065,DRO,1.141,0.722,0.38,0.036,-0.593,1.93,-0.66,2.981,-1.481,-0.979,-0.866,-1.699,-0.873,2.352,1.326,0.23,1.395,0.383,1.375,0.012,-36.3858451843262,8.29351997375488,-8.09609413146973,44.3199691772461,-46.1515769958496
121066,DRO,1.165,0.998,0.449,-0.062,-0.662,1.246,-0.484,2.588,-0.728,-0.205,-0.783,-1.553,-1.013,1.999,1.373,0.027,1.353,1.126,1.561,-0.095,-33.0305328369141,9.65057754516602,6.57911777496338,8.16738414764404,3.26477074623108
121070,DRO,0.649,0.224,0.332,0.165,-0.724,1.727,-0.572,2.444,-1.347,-0.801,-0.866,-1.638,-1.337,1.938,1.299,-0.073,1.472,0.721,1.827,-0.148,37.5139579772949,16.6328315734863,39.4588356018066,-15.626015663147,-17.5518627166748
121073,DRO,0.58,0.423,0.517,-0.169,-0.975,1.309,-0.599,2.413,-1,-0.719,-0.807,-1.569,-1.092,1.804,1.476,-0.103,1.224,0.773,1.693,-0.234,-61.9925498962402,23.4494609832764,-14.9951086044312,-30.7369899749756,-1.42997109889984
121074,DRO,0.904,0.614,0.309,0.306,-0.907,1.862,-0.572,2.411,-1.229,-0.74,-1.18,-1.62,-1.167,1.994,1.279,0.035,1.385,0.77,1.314,-0.069,-46.397819519043,15.6702480316162,18.3467464447021,1.09744203090668,39.568962097168
121077,DRO,1.246,1.092,0.273,-0.149,-0.788,1.722,-0.726,2.57,-1.357,-0.752,-1.108,-1.398,-0.987,2.009,1.246,0.1,1.705,0.816,0.886,-0.12,-32.5679779052734,4.1705060005188,-7.57360982894897,44.5263023376465,-38.3112525939941
121079,DRO,1.118,0.913,0.277,-0.119,-0.757,1.762,-0.754,2.712,-1.301,-0.712,-1.081,-1.585,-0.936,2.019,1.239,0.186,1.472,0.858,1.667,-0.139,-43.1598358154297,9.38932609558105,-10.5078887939453,40.8339805603027,-32.5389289855957
121080,DRO,0.879,0.437,0.163,0.419,-0.77,1.928,-0.614,2.384,-0.777,-0.274,-1.071,-1.699,-1.167,2.049,1.185,-0.017,1.463,0.761,1.796,0.004,-3.69009828567505,-12.1121187210083,33.7004432678223,12.9593296051025,20.232967376709
121083,DRO,0.854,0.281,0.191,0.386,-0.674,1.751,-0.521,2.483,-0.742,-0.174,-0.983,-1.721,-1.237,2.01,1.119,-0.033,1.307,0.897,1.427,-0.057,-31.794605255127,7.95319700241089,-6.19512748718262,34.0442543029785,-28.4505805969238
121085,DRO,1.145,0.766,0.481,-0.071,-0.616,1.445,-0.544,2.596,-1.268,-0.32,-0.804,-1.745,-0.921,1.84,1.433,-0.079,1.465,1.171,1.808,-0.108,8.20829105377197,-56.4789237976074,-17.2788372039795,-9.21030521392822,-0.403829991817474
121087,DRO,0.808,0.188,0.606,-0.135,-0.783,1.783,-0.465,2.551,-0.742,-0.16,-1.081,-1.602,-0.996,2.018,1.553,0.035,1.388,1.219,1.529,-0.139,3.07465624809265,-20.9234352111816,28.3495540618896,4.06678342819214,5.80223655700684
121089,DRO,1.078,0.358,0.247,0.473,-0.595,1.864,-0.558,2.429,-1.131,-0.733,-0.821,-1.638,-1.292,2.009,1.258,-0.012,1.048,0.724,2.194,-0.08,34.9304885864258,16.7939338684082,-2.2891902923584,-6.44955539703369,-1.00452303886414
121091,DRO,0.943,0.665,0.458,-0.058,-0.636,1.83,-0.504,2.817,-1.174,-0.526,-0.839,-1.42,-1.086,2.301,1.455,0.171,1.409,0.57,1.234,-0.092,-14.6780481338501,1.4035804271698,7.91677951812744,8.7448263168335,15.8835916519165
121092,DRO,1.224,1.017,0.379,-0.059,-0.674,1.386,-0.558,2.513,-1.509,-0.866,-0.932,-1.553,-1.066,1.936,1.435,0.05,1.556,0.708,1.791,-0.063,9.67239856719971,-51.3725433349609,-20.1111927032471,-5.04262828826904,1.50947058200836
121093,DRO,1.34,0.978,0.471,0.179,-0.69,1.838,-0.456,2.548,-1.377,-0.491,-0.839,-1.569,-1.187,1.958,1.495,0.016,1.634,0.862,1.692,-0.056,0.471402555704117,-49.1689033508301,-13.9228429794312,-7.29409170150757,0.248526275157928
121094,DRO,0.903,0.878,0.22,-0.109,-0.777,1.045,-0.635,2.627,-1.125,-0.606,-1.027,-1.699,-1.347,1.934,1.205,0.037,1.393,0.774,1.941,-0.148,-44.1169700622559,3.03530740737915,-12.5634183883667,44.9805068969727,-28.8828086853027
121095,DRO,0.781,0.541,0.193,0.476,-0.693,1.937,-0.538,2.432,-0.866,-0.538,-0.959,-1.678,-1.167,2.062,1.211,-0.048,1.325,0.623,1.858,-0.013,6.24081039428711,18.945426940918,14.4470071792603,9.39112091064453,23.8096351623535
121098,DRO,1.037,0.525,0.33,0.388,-0.644,1.853,-0.533,2.479,-1.208,-0.866,-0.9,-1.602,-1.194,2.068,1.322,0.019,1.398,0.709,1.281,-0.04,-25.349681854248,-6.23339986801147,-9.04574966430664,32.1537971496582,-28.6693325042725
121099,DRO,1.234,0.984,0.393,-0.148,-0.724,1.356,-0.554,2.476,-1.456,-0.87,-0.836,-1.538,-1.137,1.836,1.385,-0.028,1.472,0.675,1.555,-0.181,-11.9152812957764,-16.2548313140869,5.1224627494812,11.0192165374756,7.51036596298218
121100,DRO,0.998,0.778,0.381,-0.101,-0.688,1.202,-0.519,2.642,-1.347,-0.804,-0.932,-1.495,-1.26,1.964,1.388,0.04,1.395,0.67,1.968,-0.089,2.71423530578613,-23.7259864807129,12.0177240371704,0.0712012574076653,11.0883874893188
121101,DRO,1.186,0.907,0.493,0.328,-0.706,1.775,-0.646,2.319,-0.91,-0.613,-0.863,-1.523,-1.347,2.002,1.467,-0.08,1.46,0.668,2.072,-0.112,-15.7752199172974,6.36622285842896,20.4802188873291,16.3266696929932,26.3356056213379
121102,DRO,0.966,0.32,0.495,-0.123,-0.678,1.488,-0.562,2.458,-1.119,-0.487,-0.955,-1.602,-1.161,2.042,1.414,0.095,1.393,0.762,1.211,-0.169,22.1839370727539,18.5404415130615,27.3976860046387,-5.45345449447632,-11.3886203765869
121104,DRO,0.81,0.206,0.431,0.204,-0.71,1.772,-0.554,2.426,-1.229,-0.616,-0.886,-1.398,-1.328,1.907,1.386,-0.126,1.508,0.661,1.7,-0.108,-0.988969147205353,-22.1258907318115,18.1875953674316,15.6123008728027,8.90222072601318
121105,DRO,0.728,0.492,0.333,0.224,-0.777,1.653,-0.506,2.487,-1.102,-0.478,-0.907,-1.921,-1.201,1.99,1.28,-0.095,1.284,1.173,1.677,-0.236,-47.3220710754395,11.1503076553345,-10.035548210144,-6.7115421295166,-3.05430102348328
121110,DRO,1.153,0.813,0.502,-0.027,-0.359,1.353,-0.724,2.62,-0.762,-0.539,-0.799,-1.398,-1.161,2.023,1.496,0.06,1.302,0.715,2.057,-0.09,4.35239601135254,-60.3460350036621,-24.9027900695801,-12.1986837387085,0.571267247200012
121111,DRO,0.882,0.328,0.458,-0.216,-0.708,0.925,-0.863,2.444,-0.955,-0.447,-0.979,-1.456,-1.252,1.927,1.246,-0.011,1.608,1.248,2.157,-0.194,2.46573519706726,-27.5466556549072,17.8723983764648,0.679022610187531,10.4675235748291
121118,DRO,0.859,0.568,0.433,0.352,-0.866,1.839,-0.401,2.475,-0.943,-0.3,-0.9,-1.796,-1.086,1.968,1.411,-0.016,1.296,1.258,1.946,-0.068,-28.7528877258301,3.26330828666687,4.44492387771606,9.43334770202637,1.05031657218933
121122,DRO,1.079,1.022,0.376,0.232,-0.73,1.763,-0.431,2.562,-0.873,-0.807,-0.783,-1.553,-1.215,1.984,1.376,-0.074,1.623,1.255,2.442,-0.12,-28.5257759094238,9.47099590301514,6.58147764205933,10.2885284423828,14.0907783508301
121124,DRO,0.974,0.809,0.28,0.355,-0.81,1.899,-0.513,2.473,-0.854,-0.3,-1.097,-1.796,-1.027,1.965,1.331,-0.054,1.254,1.163,1.407,-0.087,-47.9425773620605,16.3846569061279,14.9314584732056,-2.4731330871582,34.1295890808105
121127,DRO,1.128,0.971,0.449,-0.018,-0.728,1.497,-0.536,2.621,-1,-0.561,-0.979,-1.602,-0.975,1.969,1.451,-0.001,1.567,0.7,1.914,0.017,-38.2169914245605,5.7869668006897,-6.83332347869873,46.628475189209,-41.3656005859375
121130,DRO,0.796,0.639,0.291,0.381,-0.851,1.911,-0.559,2.448,-0.947,-0.627,-1.137,-1.745,-1.119,2.028,1.35,-0.025,1.379,0.764,1.678,-0.032,-27.1574573516846,8.06709003448486,12.7680644989014,9.19132900238037,18.7401390075684
121131,DRO,1.095,0.91,0.23,-0.09,-0.693,1.437,-0.516,2.647,-1.284,-0.876,-0.907,-1.77,-1.041,1.885,1.21,-0.064,1.435,0.776,1.939,-0.142,-29.3564453125,-3.8389298915863,-6.82620525360107,42.1984481811523,-37.4863166809082
121136,DRO,0.591,0.658,0.284,-0.096,-0.735,1.815,-0.693,2.545,-1.137,-0.351,-0.839,-1.77,-0.991,2.167,1.232,0.154,1.331,1.238,1.778,-0.173,-52.1205749511719,16.4867916107178,-16.6098766326904,-21.9155349731445,-3.41181421279907
121137,DRO,0.977,0.54,0.569,-0.178,-0.708,0.513,-0.783,2.6,-1.066,-0.688,-0.879,-1.444,-1.208,1.962,1.539,0.042,1.353,0.85,2.126,-0.163,5.11149978637695,-29.5391025543213,14.6716413497925,4.57084798812866,0.476324886083603
121139,DRO,1.062,0.922,0.334,-0.111,-1.022,1.152,-0.469,2.667,-1.602,-0.747,-0.836,-1.721,-0.991,2.016,1.289,0.012,1.528,0.734,1.805,-0.142,0.94094842672348,22.4940624237061,-15.5078086853027,22.720027923584,19.5656719207764
121140,DRO,1.033,0.725,0.481,0.271,-0.664,1.897,-0.597,2.91,-1.301,-0.593,-0.943,-1.824,-0.963,2.144,1.443,0.119,1.745,0.772,1.897,-0.011,-54.1110687255859,18.4324550628662,8.22619342803955,-12.6434936523438,27.7115020751953
121141,DRO,0.824,0.45,-0.167,0.009,-0.636,1.874,-0.573,2.84,-1.131,-0.742,-0.873,-0.951,-0.848,2.243,0.823,0.236,1.226,0.603,0.907,-0.066,-66.3508987426758,24.9219226837158,-1.29719018936157,-22.4742755889893,18.8978462219238
121142,DRO,0.722,0.325,0.501,0.073,-0.582,1.985,-0.726,3.026,-1.237,-1.004,-0.873,-0.807,-0.764,2.362,1.458,0.276,1.435,0.471,1.87,0.051,-66.0242385864258,24.7192497253418,-1.57372152805328,-22.3888072967529,18.9413433074951
121144,DRO,0.902,0.417,0.356,0.308,-0.79,1.777,-0.526,2.471,-1.114,-0.697,-1.027,-1.658,-1.252,1.967,1.377,0.002,1.291,0.719,1.388,-0.104,-59.4227142333984,20.685661315918,4.73854780197144,-8.12246036529541,29.7342014312744
121146,DRO,1.09,0.799,0.381,-0.083,-0.69,1.416,-0.66,2.635,-1.569,-1.022,-0.914,-1.553,-1.086,1.885,1.38,-0.042,1.607,0.587,1.559,-0.087,-3.08172464370728,-17.1664886474609,10.493483543396,10.1291217803955,13.1227712631226
121147,DRO,0.866,0.52,0.339,0.413,-0.658,1.926,-0.485,2.51,-0.68,-0.286,-0.876,-1.678,-1.125,2.049,1.389,0.011,1.133,1.075,1.874,-0.066,17.3119029998779,23.2273082733154,0.0600522458553314,-1.34021198749542,-0.0625646784901619
121151,DRO,0.909,0.82,0.295,0.269,-0.775,1.762,-0.53,2.476,-0.979,-0.427,-1.041,-1.62,-1.215,1.886,1.349,-0.095,1.433,1.009,1.748,-0.163,-70.672492980957,19.2103366851807,-17.7192249298096,-35.5039215087891,-8.09026718139648
121152,DRO,0.832,0.481,0.42,-0.053,-0.693,0.795,-0.599,2.613,-1.244,-0.678,-1.013,-1.77,-1.328,1.916,1.419,-0.017,1.389,0.711,2.097,-0.064,-30.8914470672607,6.72889566421509,-13.0049295425415,47.3876953125,-32.0910949707031
121153,DRO,1.01,0.426,0.289,-0.02,-0.759,1.246,-0.567,2.665,-1.276,-0.762,-0.975,-1.62,-1.244,1.97,1.298,0.049,1.332,0.673,2.023,-0.08,-42.4863319396973,10.5022802352905,-12.837818145752,43.666389465332,-37.6101531982422
121156,DRO,0.943,0.607,0.442,-0.135,-0.668,0.85,-0.762,2.511,-2.398,-0.883,-0.848,-1.409,-1.252,1.988,1.334,0.039,1.575,0.826,2.373,-0.105,6.92978000640869,-32.9440727233887,10.7140083312988,9.86259078979492,9.70483875274658
121157,DRO,1.181,1.149,0.475,0.009,-0.654,1.208,-0.445,2.658,-1.367,-0.726,-0.947,-1.456,-0.939,2.011,1.489,0.059,1.607,0.536,1.583,0.039,4.0319995880127,-55.5311164855957,-25.1219062805176,-8.28142833709717,-2.24760413169861
121158,DRO,0.964,0.837,0.375,0.375,-0.738,1.895,-0.483,3.077,-0.936,-0.407,-0.996,-2.097,-0.959,2.135,1.372,0.133,1.408,0.744,1.427,-0.041,-7.77780199050903,-3.30095982551575,3.30620098114014,28.7964420318604,-28.2868461608887
121159,DRO,1.083,0.628,0.417,-0.105,-0.75,0.322,-0.81,2.626,-1.538,-0.936,-0.947,-2.097,-1.137,1.925,1.413,-0.048,1.547,0.824,2.205,-0.119,1.54005193710327,-50.8591804504395,-14.885871887207,-5.21591663360596,-7.10888767242432
121161,DRO,1.031,0.596,0.49,-0.087,-0.678,1.391,-0.644,2.73,-1.398,-0.943,-0.866,-1.585,-1.06,1.821,1.506,-0.061,1.408,0.668,1.707,-0.131,-9.61552810668945,-19.2032203674316,5.49373054504395,8.21592998504639,11.4707374572754
121162,DRO,1.027,0.873,0.441,-0.069,-0.851,0.675,-0.642,2.521,-1.26,-0.672,-0.876,-1.886,-1.086,2.004,1.45,0.044,1.27,0.569,1.862,-0.116,2.85169792175293,-55.3092460632324,-13.7400121688843,-3.1485002040863,2.70771193504333
121163,DRO,1.052,1.117,0.365,-0.061,-0.724,1.847,-0.391,2.664,-1.022,-0.538,-0.955,-1.638,-0.924,2.141,1.315,0.14,1.291,0.786,1.078,-0.116,12.243766784668,-56.8454856872559,-26.0380382537842,-17.1962051391602,2.00167632102966
121164,DRO,0.961,0.492,0.323,-0.097,-0.48,0.642,-0.577,2.594,-1.071,-1.041,-0.893,-1.678,-1.036,1.961,1.274,0.025,1.466,0.84,2.233,-0.148,2.21291041374207,-48.9597320556641,-19.5324440002441,-5.17424154281616,-1.68614399433136
121165,DRO,1.161,1.013,0.411,-0.081,-0.708,1.726,-0.377,2.625,-1.959,-0.678,-0.879,-1.854,-1.174,2.085,1.386,0.078,1.764,0.878,2.011,-0.084,-57.2331428527832,16.313009262085,-13.0254755020142,-17.8196868896484,-6.42110395431519
121169,DRO,0.795,0.352,0.164,0.366,-0.812,1.896,-0.548,2.448,-0.876,-0.412,-1.108,-1.854,-1.222,1.954,1.192,-0.06,1.212,0.653,1.294,-0.057,-4.96645259857178,-7.59275674819946,28.4923534393311,0.420497357845306,2.17522239685059
121172,DRO,1.11,0.939,0.45,-0.06,-0.633,1.456,-0.562,2.66,-1.509,-0.801,-0.821,-1.658,-1.046,1.887,1.449,-0.047,1.547,0.662,1.651,-0.06,-35.563591003418,8.79661750793457,-2.2112922668457,6.9994945526123,3.10425567626953
121176,DRO,0.983,0.538,0.56,-0.117,-0.478,1.041,-0.721,2.573,-1.444,-0.943,-0.836,-1.699,-1.119,1.905,1.501,-0.07,1.421,0.73,2.196,-0.126,8.98886299133301,-48.1704063415527,-13.0809555053711,-4.83023977279663,-2.47065877914429
121225,DRO,1.116,0.885,0.51,-0.077,-1.921,1.395,-0.547,2.438,-1.377,-0.836,-0.783,-1.569,-1.114,1.915,1.472,0,1.26,0.661,1.619,-0.138,6.70644807815552,-59.4155960083008,-20.2415390014648,-9.71963214874268,2.31620144844055
121235,DRO,0.818,0.523,0.365,0.327,-0.735,1.871,-0.569,2.42,-0.914,-0.298,-1.051,-1.553,-1.301,1.994,1.402,-0.069,1.389,0.756,1.876,-0.079,5.63849353790283,-6.9737401008606,40.6781692504883,5.99760770797729,13.6165866851807
121237,DRO,1.047,0.531,0.339,0.573,-0.759,2.024,-0.593,2.39,-1.066,-0.772,-1.051,-1.854,-1.051,2.104,1.365,0.127,1.164,0.34,1.503,0.097,-20.8769702911377,6.17101001739502,18.5434837341309,4.82625246047974,24.8468723297119
121576,DRO,1.065,0.771,0.406,-0.097,-0.644,1.384,-0.532,2.54,-1.276,-0.559,-0.827,-1.538,-0.932,1.85,1.281,-0.007,1.462,0.829,1.747,-0.128,1.47674310207367,-26.0906143188477,21.9603538513184,4.78647947311401,8.54865074157715
121642,DRO,0.786,0.524,0.329,-0.174,-0.735,1.68,-0.618,2.577,-0.788,-0.438,-0.991,-1.824,-0.815,1.993,1.318,-0.055,1.426,0.76,1.309,-0.179,0.696022152900696,-22.1242179870605,27.411693572998,16.676851272583,12.0322637557983
121663,DRO,0.849,0.678,0.383,0.075,-0.71,1.95,-0.553,2.428,-0.883,-0.514,-1.081,-1.638,-1.187,2.075,1.497,0.086,1.665,0.511,1.881,0.167,-25.1117458343506,1.95723783969879,8.84214401245117,8.96997547149658,19.9253234863281
121689,DRO,0.707,0.441,0.276,0.389,-0.842,1.851,-0.467,2.537,-0.975,-1,-1.032,-2,-1.086,2.08,1.316,0.068,1.088,0.673,1.916,-0.051,-27.5100898742676,9.72040843963623,13.1831178665161,11.5611553192139,17.8186588287354
121705,DRO,0.863,0.455,0.609,0.045,-0.68,1.887,-0.389,2.69,-0.609,-0.848,-0.963,-1.086,-0.733,1.859,1.57,-0.131,1.357,0.664,1.633,0.041,33.5187149047852,15.6006498336792,31.0102405548096,-20.2391910552979,-37.0726470947266
121708,DRO,0.948,1.035,0.309,0.198,-0.654,1.773,-0.827,2.165,-1.328,-0.484,-0.893,-1.523,-1.31,2.012,1.312,-0.035,1.565,0.654,1.839,-0.085,35.4989852905273,29.6256237030029,12.6376094818115,-14.326319694519,-6.48076438903809
121716,DRO,0.619,-0.005,0.429,0.478,-0.532,1.894,-0.372,2.629,-0.714,-0.521,-0.745,-1.538,-1.081,2.122,1.463,0.09,1.076,0.77,2.007,-0.02,35.4289855957031,29.7162246704102,12.5924510955811,-14.3790006637573,-6.50998687744141
121717,DRO,0.87,0.464,0.325,0.483,-0.578,1.94,-0.398,2.583,-0.886,-0.348,-0.896,-1.959,-0.979,2.066,1.335,0.101,1.483,1.396,2.539,0,-67.3673782348633,19.5209083557129,-19.3220977783203,-49.6298141479492,-7.54425621032715
121721,DRO,0.75,0.756,-0.228,-0.012,-0.77,1.893,-0.506,2.859,-0.903,-0.818,-1,-1.744,-0.824,2.325,0.737,0.229,0.93,0.591,0.869,-0.071,-64.163444519043,17.5722694396973,-20.9287452697754,-52.5384864807129,-7.26527070999146
121725,DRO,1.008,0.75,0.29,0.261,-0.757,1.714,-0.59,2.417,-1.252,-0.947,-0.928,-1.886,-1.31,1.948,1.281,-0.084,1.669,0.819,1.893,-0.128,-25.1291275024414,-2.41234827041626,-2.53581357002258,22.046558380127,-14.4614810943604
121748,DRO,0.808,0.811,0.422,0.024,-0.633,1.949,-0.36,2.542,-0.907,-0.268,-0.932,-1.42,-0.943,2.33,1.379,0.199,1.428,1.098,1.954,0.011,38.471492767334,19.5791511535645,-6.64616823196411,-12.7705030441284,-17.5894393920898
121750,DRO,1.033,0.611,0.579,-0.14,-0.799,1.359,-0.672,2.67,-1.824,-1.092,-1.036,-1.824,-1.119,1.877,1.528,-0.067,1.508,0.584,1.748,-0.109,39.2810516357422,33.691349029541,-38.929069519043,13.2411584854126,27.9428863525391
121751,DRO,0.936,1.016,0.204,0.219,-0.708,2.137,-0.322,3.365,-0.607,-0.102,-1.046,-1.268,-0.625,2.351,1.201,0.276,1.64,1.164,1.897,0.236,30.9763164520264,27.3706817626953,-16.1072559356689,6.80845785140991,20.0035305023193
121752,DRO,0.596,0.164,0.263,-0.215,-2.523,1.615,-0.386,2.578,-0.873,-0.449,-0.967,-1.745,-1.056,1.971,1.228,-0.082,1.4,0.795,1.628,-0.25,13.0086536407471,17.2039737701416,33.895076751709,-9.88964748382568,-31.7009830474854
121753,DRO,0.918,0.935,0.232,-0.2,-0.886,1.781,-0.644,2.553,-1.041,-0.348,-1.149,-1.77,-1.004,2.028,1.182,0.009,1.803,1.258,1.603,-0.102,35.4599952697754,29.2150115966797,-20.5574932098389,14.9101800918579,26.9003314971924
121760,DRO,0.578,0.199,0.472,-0.076,-0.64,1.798,-0.564,2.509,-1.081,-2,-0.827,-1.602,-0.845,2.231,1.454,0.22,1.382,0.822,1.798,-0.125,35.9664306640625,29.0941867828369,-31.6750354766846,12.5672292709351,24.5405025482178
121771,DRO,0.913,0.354,0.409,0.374,-0.75,1.94,-0.592,2.393,-0.987,-0.333,-0.863,-1.658,-1.18,2.053,1.44,0.097,1.514,0.635,0.939,0.035,25.0626411437988,-35.3897590637207,-23.6263980865479,-14.1002168655396,-8.50029850006104
121774,DRO,1.103,0.693,0.57,-0.029,-0.458,1.618,-0.521,2.663,-1.009,-0.726,-0.936,-1.432,-1.131,1.976,1.461,-0.028,1.275,0.693,1.816,-0.105,13.5127458572388,-7.54818487167358,-22.3670024871826,-3.18131470680237,11.404296875
121785,DRO,1.019,0.776,0.642,0.012,-0.879,1.494,-0.545,2.742,-1.602,-0.752,-0.631,-1.658,-0.947,1.948,1.567,-0.058,1.504,0.385,1.493,0.016,-66.1647262573242,21.8704147338867,-15.5765686035156,-36.3960723876953,-7.87454795837402
121799,DRO,0.639,0.653,0.208,-0.068,-1.222,1.825,-0.542,2.863,-0.955,-0.631,-1.237,-1.824,-0.936,2.221,1.186,0.184,1.307,0.711,1.491,-0.072,34.247989654541,32.154224395752,-39.2973785400391,16.9947299957275,25.0041580200195
121808,DRO,0.641,0.188,0.389,0.392,-0.588,1.893,-0.59,2.355,-0.735,-0.237,-0.833,-1.553,-1.194,2.007,1.395,-0.008,1.29,0.7,2.08,-0.045,6.35016393661499,1.19229578971863,39.2282981872559,-0.10597287863493,9.31030559539795
121811,DRO,1.069,0.873,0.528,-0.025,-1.022,1.432,-0.55,2.541,-1.337,-0.322,-0.686,-1.444,-0.971,1.875,1.516,-0.108,1.562,0.527,1.632,-0.018,-70.8299102783203,19.0230827331543,-21.7983531951904,-53.2081680297852,-13.0313625335693
121812,DRO,0.772,0.664,0.065,0.066,-0.642,1.974,-0.577,2.969,-1.131,-0.556,-0.815,-1.569,-0.839,2.351,1.015,0.3,1.424,0.323,1.769,0.087,-69.7536392211914,20.2513732910156,-21.9780616760254,-54.9092559814453,-12.7903633117676
121821,DRO,0.726,0.021,0.484,0.53,-1.18,1.913,-0.714,2.267,-0.712,-0.544,-0.943,-1.602,-1.284,2.096,1.525,-0.062,0.774,0.673,2.289,-0.032,45.2266502380371,17.8444900512695,12.6479921340942,-24.9087181091309,-23.1413669586182
121823,DRO,0.812,0.865,0.486,0.073,-0.558,2.004,-0.48,2.994,-0.87,-0.32,-0.824,-1.854,-0.812,2.376,1.481,0.147,1.4,1.167,1.798,0.011,-60.9427146911621,17.4015769958496,-15.4400501251221,-35.1379241943359,-4.85327005386353
121827,DRO,0.877,0.246,0.479,-0.093,-0.793,1.803,-0.514,2.589,-1.013,-0.327,-0.78,-0.818,-1.051,2.11,1.412,0.11,1.44,0.71,1.205,-0.105,34.931884765625,13.7494430541992,-31.8904342651367,-2.22863936424255,1.84654378890991
121829,DRO,0.626,0.473,0.292,0.439,-0.793,1.854,-0.415,2.58,-0.821,-0.369,-0.943,-1.745,-1.201,2.016,1.319,-0.029,0.773,1.007,2.349,-0.11,-68.1593933105469,20.2539691925049,-18.5709075927734,-37.9692077636719,-4.35900115966797
121830,DRO,1.027,0.645,0.495,-0.075,-0.936,1.403,-0.533,2.628,-1.921,-0.631,-0.73,-1.678,-1.056,1.846,1.5,-0.089,1.573,0.664,1.561,-0.073,-68.6678466796875,22.338005065918,-23.0521087646484,-53.0997657775879,-10.7690048217773
121834,DRO,1.023,0.666,0.438,-0.018,-0.642,1.489,-0.495,2.674,-1.092,-0.331,-0.907,-1.602,-0.983,1.959,1.447,0.012,1.428,0.792,1.883,-0.028,-61.7467193603516,20.892765045166,-13.2244319915771,-25.8979969024658,2.10162425041199
121835,DRO,0.751,0.339,0.433,-0.064,-0.883,1.821,-0.553,2.642,-0.824,-0.474,-1.097,-1.509,-0.9,2.123,1.404,0.141,1.213,0.787,1.771,-0.086,29.3723888397217,22.9757289886475,38.2405014038086,-20.2871341705322,-32.9719047546387
121836,DRO,0.824,0.365,0.373,-0.117,-0.662,1.192,-0.788,2.493,-1.056,-0.66,-0.955,-1.42,-1.276,1.936,1.346,0.027,1.276,0.798,2.164,-0.175,15.0497426986694,-56.2168006896973,-24.5006427764893,-8.36114025115967,-2.17039394378662
121839,DRO,0.732,0.881,0.593,0.113,-0.507,2.05,-0.561,3.053,-0.893,-0.218,-0.74,-2.398,-0.767,2.42,1.551,0.199,1.516,1.147,1.683,0.08,-68.8850021362305,22.8098182678223,-14.4456348419189,-33.755428314209,-3.43517470359802
121840,DRO,0.837,0.715,0.533,0.188,-0.672,1.755,-0.456,2.539,-1.066,-0.34,-0.812,-1.509,-1.268,2.028,1.549,-0.046,1.541,0.739,1.574,-0.098,-66.1466445922852,20.5861072540283,-14.1952333450317,-30.7281036376953,-1.15416431427002
121846,DRO,0.855,0.615,0.541,0.061,-0.59,1.901,-0.452,2.989,-0.577,-0.046,-0.81,-1.721,-0.983,2.44,1.511,0.398,1.275,0.742,1.736,0.012,40.8409271240234,31.8851776123047,-3.83974981307983,0.312703788280487,-3.45576500892639
121847,DRO,0.687,0.666,0.39,-0.012,-0.642,1.923,-0.465,2.804,-0.496,-0.049,-0.967,-1.155,-0.917,2.11,1.342,0.151,1.217,1.252,1.582,-0.07,40.2954559326172,36.6972236633301,-17.5838928222656,1.05007004737854,1.53483819961548
121848,DRO,0.761,0.241,0.635,-0.026,-0.565,1.841,-0.449,2.649,-0.418,-0.32,-0.86,-1.569,-0.928,2.111,1.625,0.055,1.377,0.739,1.885,-0.03,21.345365524292,25.6899662017822,-1.89395618438721,-6.95327377319336,-1.59250903129578
121849,DRO,0.89,0.88,0.489,-0.014,-0.75,1.071,-0.434,2.488,-1.013,-0.29,-0.77,-1.745,-0.896,2.095,1.473,0.08,1.539,0.93,1.628,-0.02,33.5293579101562,34.2688941955566,-40.5157775878906,16.0350761413574,23.1161918640137
121850,DRO,0.762,0.366,0.463,-0.052,-0.646,1.844,-0.485,2.7,-0.866,-0.34,-0.917,-1.678,-0.889,2.105,1.369,0.11,1.366,0.723,1.678,-0.069,37.7628440856934,28.4712772369385,-1.94866585731506,-14.6462383270264,-4.40175867080688
121851,DRO,0.778,0.583,0.577,-0.024,-0.775,1.818,-0.334,2.601,-0.728,-0.446,-0.91,-1.538,-0.914,2.096,1.548,0.106,1.276,0.691,1.342,-0.055,39.7886810302734,32.5977210998535,-3.8229296207428,1.25099217891693,-1.70578670501709
121852,DRO,0.885,0.766,0.357,0.045,-0.648,1.921,-0.451,2.982,-1.076,-0.47,-0.917,-2,-0.833,2.348,1.298,0.281,1.436,0.776,0.685,0.024,43.8416328430176,24.5597057342529,-15.8775281906128,-6.69682550430298,-9.4382848739624
121853,DRO,0.891,0.529,0.341,0.088,-0.556,1.96,-0.427,2.908,-0.695,-0.544,-0.851,-1.481,-0.788,2.264,1.296,0.25,1.294,0.664,1.352,0.045,46.8112907409668,23.7948188781738,-32.4063682556152,9.493408203125,14.3155698776245
121854,DRO,0.756,0.026,0.405,0.494,-0.87,1.873,-0.754,2.22,-0.71,-0.465,-0.815,-1.523,-1.357,2.02,1.419,-0.048,0.182,0.575,1.563,-0.053,41.6435546875,25.0857353210449,0.0685386136174202,-9.76261043548584,-6.33047103881836
121855,DRO,0.714,0.957,0.173,-0.069,-0.701,1.827,-0.521,2.77,-0.967,-0.474,-0.987,-1.699,-0.943,2.234,1.115,0.176,1.278,0.657,0.263,-0.09,37.8088722229004,32.9733810424805,-10.8398742675781,2.11357164382935,2.99654603004456
121856,DRO,0.963,1.138,0.434,0.088,-0.73,2.014,-0.421,3.033,-0.507,-0.096,-0.851,-2,-0.772,2.213,1.418,0.172,1.202,1.225,1.758,0.024,40.8165016174316,34.596565246582,-18.9855003356934,0.525540947914124,0.81921648979187
121857,DRO,1.025,0.398,0.639,-0.004,-0.772,1.873,-0.385,2.688,-0.883,-0.438,-0.764,-1.553,-0.854,2.153,1.507,0.134,1.41,0.729,1.457,-0.026,47.7995147705078,23.1199569702148,-33.6495475769043,10.1884937286377,12.8288726806641
121858,DRO,0.922,0.343,0.508,-0.069,-0.636,1.772,-0.452,2.454,-0.996,-0.317,-0.75,-1.367,-0.873,2.065,1.359,0.042,1.525,0.69,1.655,-0.049,31.5194683074951,22.9133071899414,-35.2933349609375,11.2868432998657,20.8609504699707
121881,DRO,0.811,0.561,0.335,0.322,-0.815,1.834,-0.495,2.509,-1.26,-0.747,-0.812,-1.42,-1.237,2.017,1.348,0.065,1.449,0.601,0.948,-0.081,-29.70188331604,-2.30150723457336,1.39225661754608,10.6335344314575,10.4169406890869
121889,DRO,0.766,-0.034,0.322,0.467,-0.738,1.908,-0.616,2.375,-0.66,-0.393,-1.076,-1.585,-1.187,2.031,1.322,-0.039,1.238,0.53,1.445,0.008,29.6758193969727,13.6603298187256,13.4399728775024,-14.8699464797974,-12.9717645645142
121963,DRO,0.656,0.808,0.053,-0.066,-0.623,1.843,-0.672,2.595,-1.18,-0.955,-0.842,-1.921,-0.979,2.187,1.025,0.155,1.465,0.51,0.833,-0.071,-27.0688724517822,10.3713111877441,7.40537071228027,-21.2125339508057,-0.283171862363815
121965,DRO,0.824,0.48,0.331,0.439,-0.666,1.976,-0.551,2.426,-0.78,-0.439,-0.991,-1.62,-1.081,2.177,1.317,0.053,1.465,0.473,1.698,0.08,11.7404375076294,-2.19744324684143,45.0845375061035,0.806267499923706,-4.35005760192871
121990,DRO,0.913,0.976,-0.104,0.124,-0.618,2.017,-0.471,3.074,-1.222,-0.317,-0.777,-1.658,-0.921,2.253,0.91,0.236,1.595,0.858,1.136,0.106,-69.7236175537109,17.9418144226074,-14.6897420883179,-47.1396331787109,-4.88807773590088
122000,DRO,1.022,0.667,0.572,-0.1,-0.68,1.771,-0.513,2.494,-1.229,-0.394,-0.907,-1.553,-0.955,2.105,1.54,0.078,1.651,0.713,0.84,-0.088,3.71587228775024,-16.9303932189941,35.8148155212402,3.76440834999084,3.23503828048706
122011,DRO,0.967,0.433,0.473,0.518,-0.625,1.991,-0.529,3.069,-0.757,-0.547,-0.936,-1.638,-0.836,2.217,1.407,0.231,1.572,0.708,1.743,0.063,32.4078750610352,-1.03925180435181,3.03423023223877,-11.5282173156738,-6.8375883102417
122025,DRO,0.838,0.441,0.621,-0.012,-0.842,1.85,-0.481,2.559,-0.735,-0.456,-1.086,-1.699,-0.86,2.188,1.613,0.166,1.307,0.68,1.5,-0.029,29.2374877929688,17.6955986022949,23.4390907287598,-14.748628616333,-29.8963947296143
122029,DRO,0.765,0.489,0.44,-0.157,-0.839,0.899,-0.519,2.546,-1.155,-0.754,-0.873,-1.678,-0.947,1.808,1.433,-0.114,1.425,0.778,1.712,-0.152,25.4501914978027,22.2312183380127,30.3940010070801,-11.3415594100952,-17.9354038238525
122076,DRO,0.726,0.376,0.388,0.337,-0.662,1.765,-0.519,2.473,-0.967,-0.815,-0.77,-1.456,-1.319,1.929,1.377,-0.077,1.299,0.661,1.916,-0.11,-9.39582061767578,-3.75868821144104,29.0859603881836,3.00536465644836,20.8728713989258
122088,DRO,0.83,0.52,0.326,-0.151,-0.9,1.745,-0.618,2.44,-0.86,-0.388,-1.244,-1.745,-1.125,2.133,1.281,0.058,1.458,0.781,1.582,-0.161,25.4271850585938,21.3966979980469,-42.3506698608398,20.7345542907715,13.4239406585693
122089,DRO,0.623,0.407,0.364,-0.153,-0.876,1.758,-0.629,2.685,-0.807,-0.132,-1.119,-1.638,-1.114,2.053,1.302,0.006,1.301,1.088,1.885,-0.164,23.9513339996338,35.4344863891602,-36.4789123535156,24.8178119659424,21.3434009552002
122090,DRO,0.577,0.055,0.3,0.424,-0.8,1.835,-0.747,2.229,-0.896,-0.524,-1.292,-1.602,-1.357,1.921,1.344,-0.119,1.088,0.55,1.821,-0.087,24.0006809234619,35.4500160217285,-36.5377769470215,24.6553401947021,21.2473373413086
122091,DRO,0.571,-0.1,0.278,-0.107,-0.983,1.796,-0.583,2.617,-1.097,-0.636,-1.18,-1.481,-1.056,2.113,1.24,0.092,1.364,0.723,1.667,-0.127,30.2911853790283,24.3689136505127,-22.6109371185303,4.16607475280762,-1.43973231315613
122093,DRO,0.907,0.38,0.466,-0.22,-0.788,1.019,-0.833,2.743,-1.284,-0.62,-0.921,-1.495,-1.292,1.9,1.393,-0.043,1.458,0.853,2.405,-0.19,-6.62601613998413,3.96907877922058,-13.5489711761475,6.4746527671814,3.95478367805481
122094,DRO,0.888,0.364,0.529,-0.071,-0.672,1.235,-0.496,2.415,-1.131,-0.342,-0.775,-1.745,-0.991,1.999,1.553,0.044,1.358,1.254,1.981,-0.123,35.633960723877,28.7643928527832,-35.234920501709,2.06317472457886,9.18756484985352
122098,DRO,0.489,0.021,0.047,-0.24,-0.873,1.623,-0.752,2.448,-1.208,-0.71,-1.119,-1.523,-1.071,1.885,0.995,0.024,1.311,0.818,1.068,-0.299,28.3070125579834,11.9317502975464,26.3564834594727,-20.1244506835938,-23.4585418701172
122099,DRO,0.676,0.189,0.251,-0.257,-0.9,1.613,-0.812,2.429,-1.328,-0.845,-1.051,-1.658,-1.036,1.973,1.229,0.085,1.326,0.775,1.065,-0.261,32.9033050537109,22.2038040161133,-8.37353706359863,-2.29764461517334,7.86361885070801
122112,DRO,0.65,0.433,0.459,-0.037,-0.893,1.807,-0.369,2.623,-1.06,-0.417,-0.839,-2.523,-0.896,2.299,1.416,0.309,1.325,0.812,1.595,-0.106,31.7367877960205,19.4164848327637,40.3751411437988,-21.2257232666016,-35.7604751586914
122140,DRO,0.739,-0.048,0.346,0.337,-0.648,1.815,-0.564,2.435,-0.851,-0.444,-0.876,-1.62,-1.208,1.884,1.378,-0.065,1.434,0.833,2.137,-0.095,18.2698860168457,6.68060684204102,10.2870016098022,9.65475177764893,26.101692199707
122156,DRO,0.652,0.462,0.158,0.288,-0.733,1.706,-0.526,2.476,-1.187,-0.738,-0.83,-1.553,-1.284,1.968,1.139,-0.057,1.384,0.667,1.899,-0.176,3.5926148891449,-22.9695625305176,24.9765110015869,5.46777391433716,9.15567874908447
122159,DRO,1.086,0.998,0.449,0.02,-0.714,1.507,-0.452,2.703,-1.237,-0.616,-0.996,-1.553,-0.959,2.017,1.477,0.086,1.386,0.625,1.526,-0.01,-70.7473449707031,18.4299907684326,-15.6361255645752,-41.5389747619629,-6.84724140167236
122179,DRO,0.747,0.46,0.323,0.068,-1.301,1.695,-0.381,2.64,-1.585,-0.726,-0.827,-1.432,-1.194,2.048,1.274,0.03,1.653,0.951,2.001,-0.192,3.08138251304626,-14.0363683700562,36.9488372802734,11.6074419021606,21.2748622894287
122181,DRO,0.862,0.419,0.229,0.129,-1.066,1.738,-0.564,2.429,-1.174,-0.434,-0.866,-1.509,-1.284,1.967,1.245,-0.066,1.687,0.817,2.228,-0.091,-22.1706638336182,2.10235714912415,15.5518016815186,16.5087280273438,18.5464191436768
122206,DRO,1.183,0.867,0.392,-0.004,-0.644,1.507,-0.551,2.718,-1.585,-0.947,-0.914,-1.886,-0.951,1.935,1.408,-0.002,1.479,0.591,1.545,-0.026,-27.5677947998047,0.303500682115555,-0.833735048770905,20.2103748321533,-17.693717956543
122232,DRO,0.825,0.793,0.214,-0.139,-0.812,1.747,-0.607,2.6,-1.444,-0.68,-1.086,-1.658,-1.092,2.162,1.189,0.137,1.775,0.713,1.376,-0.089,37.8428535461426,36.7536888122559,-18.3355407714844,-0.122149117290974,2.22659778594971
122236,DRO,0.671,0.497,0.27,-0.154,-0.796,1.727,-0.627,2.544,-1.032,-0.674,-1.081,-1.796,-0.907,1.999,1.242,-0.03,1.433,0.796,1.73,-0.162,5.88164329528809,-19.8736724853516,24.9926261901855,3.07700943946838,9.11299705505371
122239,DRO,0.799,0.556,0.362,-0.027,-0.636,1.869,-0.519,2.802,-0.921,-0.585,-0.807,-1.538,-0.963,2.143,1.287,0.074,1.368,0.588,1.506,-0.041,33.2498931884766,4.21319723129272,-22.4995994567871,-12.2426738739014,0.999119699001312
122255,DRO,0.932,0.658,0.485,0.407,-0.599,1.859,-0.68,2.321,-0.839,-0.815,-0.839,-1.432,-1.237,1.961,1.484,-0.082,1.078,0.57,1.798,-0.069,21.2836608886719,5.05775213241577,-5.47538471221924,-4.01474475860596,4.71310043334961
122258,DRO,0.728,0.682,0.405,-0.127,-0.75,1.793,-0.658,2.412,-0.996,-0.273,-0.979,-1.678,-0.947,2,1.392,-0.004,1.416,1.131,1.507,-0.141,2.23837637901306,11.7709302902222,19.1228313446045,-0.62156754732132,4.93366670608521
122272,DRO,0.75,0.621,0.436,0,-0.674,1.876,-0.38,2.841,-0.854,-0.444,-0.87,-1.77,-0.879,2.177,1.391,0.125,1.508,0.64,0.948,0.032,29.3564033508301,17.5981884002686,23.5877113342285,-14.6483392715454,-29.8634300231934
122284,DRO,0.965,0.682,0.615,0.004,-0.678,1.849,-0.276,2.775,-0.46,-0.041,-0.684,-1.62,-0.932,2.127,1.572,0.078,1.413,0.734,1.489,-0.004,34.6752281188965,31.299747467041,-36.0195999145508,15.5842990875244,25.1905136108398
122285,DRO,0.772,0.477,0.397,-0.074,-0.75,1.794,-0.458,2.715,-0.777,-0.21,-0.815,-1.553,-1.009,2.132,1.283,0.054,1.426,0.667,1.21,-0.03,31.0892105102539,26.2069873809814,-20.4823055267334,5.24248266220093,11.0319051742554
122286,DRO,0.907,0.599,0.416,-0.045,-0.757,1.857,-0.569,2.762,-0.854,-0.5,-0.863,-1.432,-0.936,2.055,1.331,0.071,1.492,0.722,1.479,-0.059,24.0492687225342,20.9531955718994,0.906368672847748,13.0128192901611,9.54234600067139
122287,DRO,0.624,0.519,0.085,-0.097,-0.658,1.778,-0.562,2.516,-0.939,-0.629,-0.81,-2.046,-1.102,2.114,1.082,0.135,1.474,0.719,1.681,-0.095,42.1664657592773,16.7488193511963,12.348949432373,-19.8870048522949,-21.6423358917236
122288,DRO,0.96,1.077,0.131,-0.032,-0.759,1.839,-0.599,2.882,-0.943,-0.52,-1.066,-2,-1.004,2.215,1.088,0.253,1.114,0.666,0.953,-0.1,40.2844543457031,27.7687435150146,-32.3800773620605,12.3493804931641,23.9180660247803
122289,DRO,0.722,0.29,0.357,0.375,-0.712,1.882,-0.502,2.494,-0.754,-0.347,-0.932,-1.721,-1.149,2.039,1.383,0.024,1.335,0.704,2.04,-0.037,29.5291023254395,39.0440216064453,-11.7216320037842,3.45421123504639,0.311674386262894
122290,DRO,0.851,0.564,0.464,-0.058,-1.086,1.49,-0.538,2.753,-0.845,-0.728,-1.032,-1.444,-0.955,1.956,1.466,-0.04,1.303,0.523,1.896,-0.007,43.4902038574219,35.3096961975098,1.60570693016052,-10.4287204742432,-9.84682655334473
122291,DRO,0.846,0.265,0.588,-0.03,-0.767,1.83,-0.348,2.608,-0.678,0.029,-0.693,-1.31,-0.924,2.095,1.536,0.109,1.402,1.239,1.769,-0.056,34.4936485290527,27.4078559875488,-41.7015953063965,15.1516332626343,16.9219799041748
122298,DRO,0.749,0.2,0.539,-0.111,-0.742,1.734,-0.463,2.587,-0.921,-0.523,-0.91,-1.638,-0.883,2.127,1.505,0.232,1.428,0.969,1.882,-0.137,25.864164352417,8.78152561187744,43.9425315856934,-18.2232265472412,-29.1951007843018
