IRGC,DESIGNATION,Treatment,Protein,GOX,HPR,POX,APX,GPX,CAT,GST,SOD,DHAR,MDHAR,AO,GR,Grxs,Trxs,Prxs,Frxs,MDA,TAC,Poly,ProtOx
117268,IR 64-21,CON,7.428,0.99,0.391,0.356,-0.128,-0.893,1.163,-0.815,2.067,-1.108,-0.469,-0.863,-1.495,-1.377,1.929,1.244,-0.04,1.141,0.706,1.942,-0.281
117271,MINGHUI 63,CON,3.71,1.01,0.333,0.606,-0.011,-0.481,1.637,-0.484,2.1,-0.86,-0.225,-0.73,-1.699,-1.066,1.976,1.595,-0.036,0.97,0.83,1.937,0.011
117276,SADU CHO,CON,9.339,0.747,0.638,0.246,-0.271,-1.051,1.35,-0.572,1.582,-0.971,-0.445,-1.06,-1.469,-1.155,1.603,1.149,-0.283,1.031,1.304,1.946,-0.387
117277,SANHUANGZHAN NO 2,CON,6.791,0.801,0.606,0.165,-0.676,-0.762,1.132,-0.529,2.096,-1.143,-0.493,-1.481,-1.678,-1.131,1.896,1.15,-0.092,1.117,0.918,1.95,-0.246
117280,ZHENSHAN 97 B,CON,7.3,0.735,0.281,0.395,-0.485,-0.726,1.435,-0.467,1.951,-1.585,-1.208,-1.167,-1.569,-1.009,1.944,1.22,0.027,1.205,0.897,1.925,-0.275
117443,CERE AIR::IRGC 43369-1,CON,5.012,0.476,0.059,0.411,-0.152,-0.613,1.415,-0.445,2.2,-0.807,-0.188,-0.866,-1.553,-1.167,2.067,1.375,0.018,0.833,0.996,2.269,-0.118
117447,CHITRAJ (DA 23)::IRGC 6208-1,CON,5.104,0.542,0.031,0.489,-0.384,-0.759,1.566,-0.21,2.398,-0.851,-0.177,-1.086,-1.42,-0.947,2.033,1.5,0.087,1.229,0.929,1.999,-0.116
117454,CO 39::IRGC 51231-1,CON,8.922,0.642,0.162,0.216,-0.372,-0.873,1.154,-0.547,1.951,-1.292,-0.752,-1.086,-1.398,-1.137,2.022,1.041,-0.064,1.027,0.848,1.824,-0.369
117460,DA 9::IRGC 5854-1,CON,5.693,0.587,0.406,0.285,-0.297,-0.73,1.457,-0.583,2.078,-1.092,-0.423,-1.004,-1.456,-1.102,2,1.256,-0.026,1.064,0.961,2.101,-0.161
117463,DE ABRIL::IRGC 50463-1,CON,6.651,0.465,0.127,0.492,-0.052,-0.627,1.5,-0.418,2.196,-0.818,-0.148,-0.775,-1.398,-1.102,1.907,1.387,-0.093,1.206,0.991,2.255,-0.231
117470,FANDRAPOTSY::IRGC 10984-1,CON,6.591,0.493,-0.007,0.373,-0.561,-1.585,1.39,-0.662,1.912,-0.936,-0.332,-1.367,-1.602,-1.215,2.01,1.327,-0.146,1.145,0.645,1.794,-0.237
117478,GIE 57::IRGC 8231-1,CON,4.796,0.449,-0.049,0.536,-0.061,-0.541,1.545,-0.358,2.305,-0.764,-0.127,-0.785,-1.523,-1.081,2.095,1.505,0.058,1.089,1.178,2.377,-0.095
117500,JC 91::IRGC 9177-1,CON,5.068,0.707,0.286,0.517,-0.231,-0.69,1.519,-0.485,2.111,-0.801,-0.131,-0.932,-1.469,-1.222,1.86,1.477,-0.107,1.161,1.272,1.935,-0.117
117501,JC 92::IRGC 9176-1,CON,5.553,0.484,0.268,0.499,-0.171,-0.638,1.586,-0.341,2.285,-0.666,-0.043,-0.879,-1.444,-1.022,1.9,1.426,-0.01,1.305,1.466,2.164,-0.154
117520,LAGEADO::IRGC 50490-1,CON,3.546,0.54,0.089,0.495,-0.159,-0.572,1.435,-0.387,2.244,-0.924,-0.333,-0.87,-1.585,-1.097,2.097,1.455,-0.041,1.288,1.061,2.795,0.031
117521,LAL AMAN::IRGC 46202-1,CON,3.99,0.655,0.177,0.535,-0.053,-0.509,1.551,-0.664,2.08,-0.688,-0.076,-0.757,-1.456,-1.137,2.049,1.508,-0.011,1.134,1.358,2.171,-0.012
117525,MADAEL::IRGC 7722-1,CON,6.767,0.651,0.396,0.205,-0.152,-0.425,1.351,-0.343,2.009,-1.174,-0.417,-0.86,-1.432,-0.879,1.984,1.183,-0.057,1.12,0.828,1.418,-0.237
117527,MAKALIOKA 34::IRGC 6087-1,CON,4.491,0.643,0.345,0.648,-0.008,-0.521,1.616,-0.449,2.228,-0.721,-0.054,-0.714,-1.409,-1.06,2.23,1.594,0.099,0.972,1.555,1.909,-0.055
117531,MILYANG 23::IRGC 34393-1,CON,6.563,0.802,0.373,0.259,-0.176,-0.611,1.25,-0.514,2.225,-0.932,-0.314,-0.866,-1.678,-1.114,2.115,1.263,-0.034,1.603,0.825,1.867,-0.223
117533,MTU 9::IRGC 7919-1,CON,8.482,0.434,-0.116,0.178,-0.307,-0.821,1.124,-0.553,1.811,-0.987,-0.313,-1.056,-1.638,-1.143,1.872,1.124,-0.186,1.117,0.856,1.786,-0.347
117559,PETA::IRGC 32571-1,CON,3.75,0.459,0.086,0.477,-0.054,-0.516,1.546,-0.352,2.295,-1.06,-0.416,-0.775,-1.523,-1.004,2.105,1.51,0.052,0.981,0.891,2.02,0.01
117561,PIN TAWNG::IRGC 40673-1,CON,5.313,0.473,0.193,0.391,-0.274,-0.701,1.361,-0.695,1.946,-0.886,-0.235,-0.979,-1.42,-1.174,1.964,1.357,-0.082,1.014,0.825,2.177,-0.137
117563,PTB 25::IRGC 6386-1,CON,9.455,0.64,0.221,0.252,-0.343,-0.796,1.053,-0.57,1.818,-1.022,-0.322,-1.06,-1.432,-1.137,1.891,1.169,-0.092,1.245,1.432,2.099,-0.385
117564,PTB 9::IRGC 6274-1,CON,5.877,0.627,0.076,0.312,-0.293,-0.754,1.479,-0.412,1.984,-0.721,-0.091,-1.004,-1.276,-0.991,2.083,1.26,0.066,1.084,1.25,1.972,-0.187
117567,RATHUWEE::IRGC 8952-1,CON,3.65,0.939,0.729,0.368,-0.066,-0.507,1.552,-0.35,2.267,-0.59,0.054,-0.772,-1.398,-1.036,1.993,1.355,0.091,0.987,0.76,1.637,0.029
117574,RTS 4::IRGC 8177-1,CON,4.555,0.824,0.442,0.576,-0.048,-0.553,1.58,-0.461,2.166,-0.775,-0.136,-0.764,-1.509,-1.06,1.83,1.551,-0.039,1.188,0.812,1.738,-0.072
117587,TD 25::IRGC 9146-1,CON,5.304,0.734,0.322,0.501,-0.145,-0.618,1.434,-0.622,2.039,-0.86,-0.22,-0.86,-1.432,-1.137,2.049,1.468,-0.119,1.025,1.265,2.298,-0.14
117589,TETEP::IRGC 32576-1,CON,4.207,0.816,0.286,0.597,-0.077,-0.526,1.553,-0.312,2.325,-0.921,-0.271,-0.796,-1.409,-1.149,1.938,1.553,-0.073,1.12,1.108,2.135,-0.037
117598,VANDANA::IRGC 117398-1,CON,7.304,0.665,0.341,0.28,-0.35,-1.046,1.203,-0.461,1.723,-1.027,-0.405,-1.26,-1.398,-1.036,1.937,1.22,-0.026,1.098,0.891,1.911,-0.281
117622,RTS 14,CON,9.756,0.51,0.352,0.125,-0.248,-0.955,1.202,-0.538,1.896,-1.509,-0.893,-1.18,-1.553,-1.108,1.707,1.088,-0.314,1.008,0.872,1.886,-0.407
117623,BR24,CON,5.901,0.762,0.27,0.41,-0.041,-0.438,1.353,-0.6,2.196,-1.921,-0.775,-0.767,-1.377,-1.161,1.961,1.358,0.054,1.102,0.692,1.85,-0.185
117636,AI-CHIAO-HONG,CON,10.204,0.458,0.086,0.225,-0.379,-0.721,1.263,-0.532,1.632,-1.456,-0.764,-1.086,-1.523,-1.097,2.302,1.1,0.273,1.127,0.878,1.822,-0.418
117659,BINULAWAN,CON,6.979,0.658,0.113,-0.153,-0.18,-0.66,1.271,-0.451,2.147,-1.26,-0.585,-0.951,-1.824,-1.027,1.903,0.848,-0.024,1.201,0.865,1.812,-0.26
117681,CHANG CH'SANG HSU TAO,CON,7.656,0.655,0.091,0.224,-0.319,-0.886,1.155,-0.551,1.917,-1.018,-0.376,-0.907,-1.585,-1.102,1.717,1.15,-0.325,1.136,0.76,1.691,-0.301
117682,CHAU,CON,5.617,0.918,0.442,0.431,-0.332,-0.662,1.624,-0.428,2.001,-0.752,-0.114,-1.022,-1.444,-1.018,2.122,1.348,0.034,1.028,0.652,1.261,-0.169
117684,CHIEM CHANH,CON,5.152,0.664,0.403,0.43,-0.229,-0.695,1.393,-0.551,2.147,-1.276,-0.547,-0.932,-1.745,-1.229,2.593,1.407,-0.12,1.25,0.933,1.932,-0.127
117691,CO 18,CON,7.071,0.69,0.235,0.306,-0.353,-0.73,1.454,-0.642,2.03,-0.75,-0.188,-1.131,-1.602,-1.222,1.848,1.335,-0.157,1.005,0.639,1.86,-0.262
117745,GUAN-YIN-TSAN,CON,8.285,0.866,0.721,0.235,-0.291,-0.863,1.094,-0.519,1.988,-0.728,-0.28,-1.066,-1.469,-1.114,1.688,1.188,-0.21,1.191,0.815,1.758,-0.326
117757,IR 36,CON,6.799,0.918,0.641,0.162,-0.281,-0.818,1.292,-0.502,2.075,-1.036,-0.385,-1.131,-1.523,-1.092,1.678,1.125,-0.297,1.287,1.015,2.081,-0.25
117758,IR 8,CON,5.28,0.672,0.205,0.495,-0.01,-0.616,1.564,-0.312,2.337,-0.939,-0.311,-0.742,-1.469,-1.018,1.855,1.427,-0.083,0.668,0.801,1.777,-0.141
117784,KIANG-CHOU-CHIU,CON,9.107,0.67,0.15,0.268,-0.281,-1.131,1.222,-0.541,2.004,-0.728,-0.388,-1.276,-1.523,-1.102,2.184,1.088,0.144,0.887,0.777,1.666,-0.375
117793,KUN-MIN-TSIEH-HUNAN,CON,7.897,0.603,0.198,0.159,-0.389,-0.638,1.082,-0.662,1.928,-0.983,-0.36,-1.051,-1.469,-1.222,1.803,1.094,-0.134,1.305,0.921,2.201,-0.311
117826,O-LUEN-CHEUNG,CON,7.372,0.528,0.093,0.068,-0.51,-0.726,1.249,-0.461,1.875,-1.292,-0.71,-1.495,-1.638,-1.036,1.848,1.062,-0.182,1.059,0.841,1.861,-0.281
117829,ORYZICA LLANOS 5,CON,6.03,0.746,0.234,0.471,-0.003,-0.6,1.613,-0.461,2.178,-1.009,-0.37,-0.721,-1.585,-1.137,1.79,1.426,-0.229,1.031,0.957,2.201,-0.192
117840,PAO TOU HUNG,CON,5.946,0.962,0.564,-0.05,0.012,-0.564,0.791,-0.394,2.08,-1.066,-0.365,-0.721,-1.509,-0.971,1.917,0.959,0.022,1.117,0.791,1.582,-0.186
117841,PAPPAKU,CON,6.078,0.606,0.066,0.373,0.037,-0.735,1.48,-0.372,2.027,-1.161,-0.437,-0.67,-1.347,-0.963,2.06,1.383,0.032,1.083,0.81,1.613,-0.193
117848,PEH-KUH,CON,5.445,0.692,0.507,0.278,-0.256,-0.717,1.412,-0.548,2.108,-0.827,-0.173,-0.963,-1.444,-1.252,1.826,1.239,-0.203,0.972,0.674,1.708,-0.154
117849,PEH-KUH-TSAO-TU,CON,4.796,0.788,0.547,0.288,-0.18,-0.453,1.432,-0.536,1.924,-1.046,-0.365,-0.936,-1.77,-1.114,2.241,1.276,0.127,1.086,0.649,1.737,-0.095
117880,SERATOES HARI,CON,6.134,0.603,0.284,0.242,-0.228,-0.932,1.41,-0.622,2.108,-0.996,-0.388,-0.932,-1.77,-1.201,1.629,1.214,-0.139,1.034,0.58,1.73,-0.203
117881,SHAI-KUH,CON,7.212,0.456,-0.071,0.158,-0.155,-0.585,1.242,-0.496,2.087,-1.071,-0.44,-0.932,-1.699,-1.046,1.789,1.133,-0.14,1.282,0.953,2.098,-0.273
117907,TAICHUNG NATIVE 1,CON,5.573,0.781,0.305,0.185,-0.511,-0.67,1.338,-0.6,2.122,-1.018,-0.441,-1.377,-1.553,-1.187,1.923,1.173,-0.036,1.194,0.807,2.287,-0.162
117912,TEQING,CON,5.453,0.986,0.556,0.205,-0.516,-0.759,1.378,-0.676,2.287,-1.027,-0.451,-1.398,-1.538,-1.26,1.869,1.182,-0.056,1.216,0.655,2.191,-0.154
117915,TKM 6,CON,6.418,0.625,0.148,0.329,-0.395,-0.684,1.393,-0.429,2.042,-1.208,-0.499,-1.229,-1.444,-0.991,1.993,1.314,-0.031,1.138,0.816,1.423,-0.225
120855,15577::IRGC 76987-1,CON,7.159,0.662,0.089,0.234,-0.131,-0.772,0.79,-0.389,1.866,-1.137,-0.475,-1.086,-1.292,-0.955,2.013,1.177,0.084,1.255,0.974,2.025,-0.26
120856,17/79/02-005::IRGC 51080-1,CON,7.035,0.627,0.091,0.112,-0.445,-1.018,1.288,-0.55,1.87,-1.131,-0.489,-1.137,-1.824,-1.167,1.861,1.081,-0.162,1.119,0.825,1.84,-0.268
120859,849::IRGC 5970-1,CON,6.25,0.659,-0.032,0.432,-0.192,-0.777,1.453,-0.538,2.161,-0.627,-0.078,-0.896,-1.495,-1.174,2.039,1.389,-0.021,1.094,0.93,1.782,-0.212
120860,AGAMI M 1::IRGC 4158-1,CON,6.583,0.635,0.339,0.369,-0.198,-0.676,1.339,-0.478,2.176,-1.086,-0.353,-0.914,-1.638,-1.092,1.884,1.324,-0.057,1.036,0.987,2.295,-0.228
120861,AI LAN KE 1110::IRGC 67034-1,CON,7.308,0.938,0.471,0.376,-0.302,-0.883,-0.164,-0.53,2.207,-0.821,-0.249,-1.301,-1.409,-1.076,1.967,1.236,0.013,1.306,0.765,1.608,-0.276
120862,AN QING ZAO::IRGC 72577-1,CON,6.346,0.822,0.472,0.279,-0.117,-0.764,1.464,-0.527,2.024,-1.42,-0.735,-0.939,-1.469,-1.201,1.807,1.218,-0.249,1.232,0.705,1.815,-0.22
120863,ANAYANSI::IRGC 77474-1,CON,3.253,0.942,0.781,0.566,-0.095,-0.52,1.553,-0.357,2.303,-0.587,0.034,-0.796,-1.398,-0.979,2.503,1.541,0.009,0.977,0.864,1.988,0.072
120867,ARC 10818::IRGC 21079-1,CON,8.658,0.499,0.26,0.368,-0.381,-0.682,1.225,-0.458,1.823,-1.06,-0.495,-1.161,-1.357,-1.027,1.782,1.209,-0.203,1.301,0.873,1.782,-0.354
120878,B 6144 F-MR-6::IRGC 117313-1,CON,7.58,0.766,0.696,0.094,-0.186,-0.719,1.233,-0.456,1.912,-0.991,-0.33,-0.886,-1.585,-1.018,1.759,1.07,-0.217,1.135,0.938,2.075,-0.291
120879,BADA DHAN::IRGC 26540-1,CON,5.004,0.649,0.318,0.569,-0.106,-0.599,1.516,-0.52,2.059,-0.68,-0.068,-0.818,-1.523,-1.18,1.948,1.529,-0.095,1.131,0.737,1.63,-0.113
120880,BAI HE::IRGC 76437-1,CON,9.331,0.67,0.68,0.235,-0.46,-0.701,1.345,-0.573,1.995,-1.357,-0.664,-1.161,-1.495,-1.143,2.078,1.082,-0.055,1.245,0.858,1.736,-0.381
120882,BALGALA GURMATIA::IRGC 61074-1,CON,5.769,0.33,-0.081,0.345,-0.161,-0.646,1.418,-0.583,2.072,-1.036,-0.38,-0.876,-1.585,-1.244,1.872,1.278,-0.143,1.282,1.149,2.041,-0.174
120883,BAMAWPYAN::IRGC 72458-1,CON,6.098,0.932,0.644,0.371,-0.182,-0.75,1.327,-0.796,2.165,-0.821,-0.186,-0.896,-1.409,-1.347,2.329,1.288,-0.117,1.188,1.435,2.082,-0.186
120892,BG 301::IRGC 117315-1,CON,6.775,0.695,0.21,0.315,-0.175,-0.646,1.456,-0.419,1.953,-1.114,-0.384,-0.907,-1.658,-1.013,1.983,1.245,0.022,1.19,0.83,1.344,-0.244
120893,BG 34-11::IRGC 15782-1,CON,8.502,0.717,0.16,-0.236,-0.186,-0.971,1.368,-0.453,1.938,-1.149,-0.481,-0.959,-1.585,-1.032,1.799,0.781,-0.125,1.071,0.781,1.483,-0.341
120895,BIRAIN 360::IRGC 6550-1,CON,6.675,0.566,0.183,0.42,0.074,-1.456,1.35,-0.406,2.083,-0.959,-0.348,-0.697,-1.456,-1,1.9,1.327,-0.06,1.276,0.977,2.198,-0.233
120904,BYAT KYAR::IRGC 33004-1,CON,5.405,0.548,0.377,0.494,-0.174,-0.623,1.552,-0.547,2.096,-0.91,-0.254,-0.886,-1.569,-1.092,1.977,1.477,-0.023,1.157,0.928,2.066,-0.143
120909,CHI TOU HUANG 1::IRGC 51280-1,CON,6.631,0.793,0.25,0.309,-0.206,-0.678,1.447,-0.582,1.95,-0.879,-0.384,-1.022,-1.495,-1.149,2.172,1.27,0.116,1.338,0.759,1.437,-0.231
120912,CHINA 98-45-1::IRGC 1598-1,CON,4.403,0.979,0.681,0.384,-0.263,-0.697,1.416,-0.479,2.177,-0.686,-0.057,-0.971,-1.481,-1.167,1.9,1.403,-0.122,0.96,0.814,1.808,-0.063
120913,CHORUA KARTIKSAIL::IRGC 77230-1,CON,4.904,0.6,0.239,0.392,-0.161,-0.613,1.491,-0.461,2.106,-0.842,-0.226,-0.876,-1.409,-1.086,1.901,1.351,-0.089,1.245,0.889,2.078,-0.106
120914,CHUA DAU::IRGC 4785-1,CON,7.508,0.677,0.176,0.301,-0.053,-0.742,1.244,-0.55,2.1,-1.284,-0.561,-0.818,-1.337,-1.131,1.863,1.224,-0.121,1.148,0.709,1.487,-0.292
120916,CIMARRON::IRGC 116967-1,CON,5.405,0.748,0.508,0.35,-0.368,-0.625,1.428,-0.613,2.137,-0.951,-0.331,-1.041,-1.509,-1.194,1.977,1.308,-0.04,1.038,0.844,2.083,-0.153
120924,DA 5::IRGC 5855-1,CON,5.28,0.544,0.063,0.491,-0.173,-0.631,1.55,-0.4,2.159,-0.845,-0.195,-0.889,-1.432,-1.114,1.97,1.434,-0.013,1.193,1.233,2.132,-0.132
120925,DA NUO (ZHAN)::IRGC 72024-1,CON,8.65,0.739,0.492,0.301,-0.224,-0.845,1.324,-0.455,1.81,-1.328,-0.627,-0.983,-1.538,-1.036,1.751,1.264,-0.22,1.052,0.933,1.945,-0.351
120929,DENG DENG QI::IRGC 72671-1,CON,8.826,0.844,0.51,0.268,-0.365,-0.833,0.956,-0.435,2.005,-1.319,-0.652,-1.187,-1.585,-1.022,1.712,1.221,-0.268,1.088,0.915,2.001,-0.364
120939,DJOGOLON DJOGOLON::IRGC 75577-1,CON,6.823,0.858,0.318,-0.036,-0.169,-0.458,1.361,-0.462,2.201,-0.883,-0.201,-0.932,-1.602,-1.027,1.85,0.972,-0.131,1.257,1.356,1.869,-0.248
120946,E 5168::IRGC 68021-1,CON,8.934,0.745,0.126,0.186,-0.408,-0.668,1.058,-0.532,1.984,-1.237,-0.695,-1.102,-1.509,-1.086,2.067,1.158,-0.014,1.202,1.008,2.112,-0.367
120947,E ZI 124::IRGC 70215-1,CON,6.599,0.708,0.341,0.297,-0.285,-0.67,1.465,-0.441,1.912,-0.9,-0.289,-1.051,-1.523,-1.022,1.867,1.247,-0.094,0.984,1.395,1.985,-0.236
120948,ELWEE::IRGC 15565-1,CON,6.891,0.823,0.493,0.234,-0.253,-0.886,1.392,-0.529,2.172,-0.886,-0.266,-0.979,-1.745,-1.108,1.96,1.183,-0.138,1.05,1.382,2.109,-0.255
120949,EMBRAPA 6 CHUI::IRGC 116981-1,CON,8.682,0.568,0.09,-0.274,-0.321,-1.097,1.336,-0.519,2.003,-1.444,-0.79,-1.102,-1.569,-1.092,1.754,0.756,-0.248,1.199,0.777,1.695,-0.35
120952,Ea houm::IRGC 12925-1,CON,6.214,0.995,0.031,0.445,0.002,-0.688,1.471,-0.34,1.988,-0.943,-0.298,-0.724,-1.42,-0.921,1.695,1.385,-0.217,1.332,1.442,2.185,-0.208
120958,GODA HEENATI::IRGC 31393-1,CON,7.668,0.484,0.023,0.062,-0.971,-1.237,1.243,-0.565,1.964,-0.979,-0.382,-2.097,-1.658,-1.167,1.827,1.051,-0.177,1.087,0.838,0.925,-0.299
120959,GOPAL::IRGC 61953-1,CON,4.275,0.901,0.394,0.317,-0.488,-0.889,1.43,-0.572,2.067,-0.71,-0.085,-1.187,-1.638,-1.268,1.905,1.301,-0.058,1.027,1.387,1.625,-0.047
120964,HAO HOM::IRGC 12931-1,CON,8.494,0.468,-0.015,0.225,-0.267,-0.87,1.141,-0.529,1.877,-0.903,-0.281,-1,-1.602,-1.102,1.686,1.224,-0.266,1.195,1.413,2.142,-0.341
120970,HONG MI DONG MAO ZHAN::IRGC 68078-1,CON,6.258,0.998,0.512,0.316,-0.089,-1.658,1.518,-0.553,1.937,-1.097,-0.471,-0.854,-1.347,-1.143,1.838,1.207,-0.213,1.436,0.811,1.267,-0.21
120972,HONG ZUI ZAO::IRGC 68090-1,CON,6.21,0.735,0.363,0.33,-1.125,-0.876,1.505,-0.467,1.684,-1.678,-0.893,-0.81,-1.469,-1.114,1.865,1.221,-0.184,1.339,0.97,1.823,-0.208
120977,ICTA POLOCHIC::IRGC 116997-1,CON,4.475,1.112,0.43,0.579,0.07,-0.507,1.651,-0.275,2.422,-0.879,-0.263,-0.644,-1.481,-0.955,1.794,1.516,-0.164,1.158,0.897,2.107,-0.066
120979,INIAP 415::IRGC 117001-1,CON,4.884,0.928,0.52,0.477,-0.37,-0.78,1.645,-0.415,2.274,-1.027,-0.378,-1.06,-1.569,-1.06,1.904,1.476,-0.039,1.031,1.415,2.242,-0.102
120981,IR 31917-45-3-2::IRGC 78132-1,CON,6.599,0.656,0.135,0.247,-0.364,-0.757,1.127,-0.569,2.293,-1.032,-0.368,-1.319,-1.553,-1.161,1.74,1.186,-0.232,1.081,0.831,1.516,-0.238
120982,IR 32453-20-3-2-2::IRGC 76331-1,CON,6.855,0.455,-0.19,0.492,-0.167,-0.67,1.437,-0.44,2.208,-0.824,-0.26,-0.889,-1.553,-1.215,2.016,1.45,-0.061,1.102,0.918,2.297,-0.244
120983,IR 43::IRGC 117005-1,CON,5.3,0.525,0.188,0.425,-0.106,-0.395,1.335,-0.372,1.995,-1.06,-0.471,-0.714,-1.495,-0.955,2.202,1.349,0.155,1.224,0.805,2.075,-0.135
120984,IR 59469-2B-3-2::IRGC 99703-1,CON,6.663,0.639,0.1,0.158,-0.057,-0.432,1.423,-0.281,1.896,-1.201,-0.513,-0.772,-1.319,-0.851,1.954,1.147,-0.061,1.077,0.979,1.855,-0.24
120986,IR 74371-3-1-1::IRGC 117373-1,CON,7.488,0.473,0.191,0.271,-0.141,-0.674,1.376,-0.394,1.898,-1.347,-0.629,-0.907,-1.481,-0.971,2.083,1.229,0.041,1.177,0.99,2.057,-0.291
120987,IR 77298-14-1-2::IRGC 117374-1,CON,10.669,0.418,0.073,0.165,-0.39,-1.114,1.226,-0.575,1.897,-1.036,-0.434,-1.495,-1.42,-1.174,1.61,1.043,-0.253,1.078,0.958,1.436,-0.441
120988,IR 77384-12-35-3-12-1-B::IRGC 117299-1,CON,7.167,0.743,0.326,0.389,-0.616,-0.86,0.953,-0.583,2.114,-0.764,-0.14,-0.969,-1.432,-1.161,1.766,1.26,-0.199,1.15,0.752,1.815,-0.268
120994,J 104::IRGC 117008-1,CON,6.034,0.719,0.101,0.477,-0.08,-0.646,1.485,-0.44,2.234,-1,-0.38,-0.793,-1.538,-1.022,1.823,1.414,-0.231,0.957,0.844,1.89,-0.198
120998,JARIYU::IRGC 53265-1,CON,8.714,0.556,0.04,0.252,-0.276,-1.086,1.344,-0.554,1.811,-1.114,-0.47,-1.119,-1.602,-1.137,2.001,1.158,-0.063,1.093,0.912,1.854,-0.358
121001,JINLING 78-102::IRGC 88421-1,CON,6.791,0.764,0.315,-0.093,-0.53,-0.684,1.402,-0.553,2.186,-1.481,-0.799,-1.276,-1.658,-1.137,2.066,0.887,0.102,1.144,0.628,1.758,-0.247
121010,KANNI MURUNGA::IRGC 15432-1,CON,7.817,0.547,0.149,0.227,-0.341,-0.836,1.372,-0.618,1.894,-1.161,-0.513,-1.06,-1.495,-1.194,1.866,1.203,-0.218,1.06,0.829,1.643,-0.309
121011,KARAYAL::IRGC 51001-1,CON,6.134,0.607,0.291,0.259,-0.1,-0.597,1.028,-0.788,1.819,-1.585,-1.013,-0.836,-1.377,-1.244,1.81,1.192,-0.157,1.24,0.657,1.749,-0.2
121015,KATI::IRGC 67838-1,CON,8.305,0.653,0.144,0.331,-0.105,-0.848,1.111,-0.463,1.801,-1.066,-0.398,-0.83,-1.538,-1.032,2.105,1.237,-0.108,1.128,0.837,1.636,-0.335
121019,KHAO DAW TAI::IRGC 24108-1,CON,8.442,0.602,-0.005,0.242,-0.69,-0.706,0.754,-0.529,1.786,-1.252,-0.561,-1.337,-1.509,-1.102,1.751,1.199,-0.196,1.147,0.968,2.066,-0.336
121020,KHAO PON::IRGC 48114-1,CON,5.204,0.681,0.191,0.593,-0.085,-0.577,1.652,-0.469,2.151,-0.959,-0.305,-0.801,-1.367,-1.102,2.037,1.531,-0.024,0.812,1.432,2.269,-0.135
121023,KINANDANG PUTI::IRGC 44513-1,CON,6.366,0.559,0.125,0.373,0.02,-0.409,1.615,-0.429,2.157,-0.943,-0.256,-0.686,-1.585,-0.991,2.061,1.346,-0.046,1.137,1.327,2.001,-0.219
121024,KIRIMURUNGA::IRGC 15585-1,CON,8.954,0.47,-0.029,0.242,-0.166,-1.076,1.248,-0.487,1.806,-1.06,-0.387,-0.963,-1.444,-1.036,2.047,1.168,-0.13,1.236,1.009,2.084,-0.363
121028,KUMBI::IRGC 752-1,CON,7.845,0.738,0.294,0.215,-0.139,-0.788,1.316,-0.418,1.998,-0.936,-1.456,-0.863,-1.495,-1.013,2.123,1.129,0,1.03,0.796,1.315,-0.31
121034,LAL BAGDAR::IRGC 77272-1,CON,5.805,0.65,0.216,0.323,-0.318,-0.738,1.571,-0.325,2.382,-0.943,-0.255,-1.013,-1.347,-1.056,2.239,1.25,0.179,1.282,1.288,2.234,-0.177
121035,LALBAJAM::IRGC 49227-1,CON,6.19,0.484,-0.08,0.494,-1.959,-1.854,1.432,-0.599,2.028,-0.87,-0.248,-2.699,-1.456,-1.276,1.775,1.438,-0.193,1.021,0.82,1.889,-0.208
121040,LIU XU::IRGC 74099-1,CON,7.628,0.8,0.576,0.273,-0.157,-0.889,0.295,-0.344,2.044,-1.301,-0.561,-1.046,-1.319,-0.851,1.963,1.251,-0.059,1.44,1.044,1.715,-0.292
121041,LOKU SAMBA::IRGC 31462-1,CON,4.659,0.861,0.482,0.523,-0.044,-0.535,1.603,-0.451,2.18,-0.785,-0.152,-0.754,-1.553,-1.201,2.159,1.47,0.145,0.723,0.874,2.072,-0.081
121042,LONG ZI 1::IRGC 63726-1,CON,7.901,0.949,0.564,0.197,-0.042,-0.842,1.414,-0.302,2.06,-0.824,-0.241,-0.799,-1.276,-0.886,1.825,1.158,-0.085,1.098,0.923,1.712,-0.305
121043,LUA TAU DUC::IRGC 16872-1,CON,8.433,0.486,-0.047,0.212,-0.58,-0.664,1.059,-0.506,1.74,-0.975,-0.323,-1.194,-1.699,-1.076,1.984,1.219,-0.069,1.277,0.854,1.911,-0.336
121044,MA GU ZI HE::IRGC 68212-1,CON,8.289,0.552,-0.013,0.094,-0.232,-0.932,1.406,-0.498,2.02,-0.939,-0.321,-0.996,-1.432,-1.051,1.834,1.114,-0.139,1.247,1.441,1.975,-0.333
121045,MA WAINE OHN::IRGC 33357-1,CON,6.619,0.354,-0.023,0.388,-0.197,-0.693,1.411,-0.609,2.043,-1.056,-0.332,-0.903,-1.538,-1.155,1.834,1.345,-0.197,1.207,1.098,2.206,-0.239
121049,MAKALIOKA::IRGC 77864-1,CON,4.587,0.596,0.134,0.56,-0.06,-0.577,1.541,-0.502,2.081,-0.917,-0.227,-0.777,-1.357,-1.143,1.988,1.533,-0.061,1.233,0.685,1.592,-0.077
121050,MANDRIRAVINA::IRGC 69960-1,CON,5.613,0.652,0.298,0.404,0.012,-0.351,1.669,-0.491,2.158,-0.854,-0.199,-0.662,-1.398,-1.114,2.181,1.373,0.085,1.093,1.385,1.989,-0.167
121051,MAURITIUS LOCAL::IRGC 5834-1,CON,6.679,0.474,0.185,0.36,-0.236,-0.703,1.432,-0.688,1.945,-0.921,-0.268,-0.947,-1.495,-1.26,1.539,1.341,-0.207,1.055,1.271,1.938,-0.239
121052,MENAKELY::IRGC 69963-1,CON,6.763,0.739,0.191,0.236,-0.395,-1.602,1.237,-0.564,1.968,-0.889,-0.259,-1.131,-1.658,-1.143,1.877,1.233,-0.231,1.119,0.819,1.717,-0.249
121053,MG 2::IRGC 79837-1,CON,5.962,0.768,0.167,0.511,-0.382,-0.818,1.507,-0.339,2.293,-0.86,-0.225,-1.076,-1.481,-1.041,1.943,1.481,-0.035,0.761,0.957,2.011,-0.186
121059,MOTTA SAMBA::IRGC 36489-1,CON,7.256,0.622,0.123,0.314,-0.152,-0.682,1.471,-0.514,2.001,-1.071,-0.409,-0.876,-1.509,-1.114,2.094,1.248,0.036,1.218,0.708,1.731,-0.275
121062,NAKABAWA::IRGC 70676-1,CON,6.302,0.445,0.159,0.492,-0.133,-0.642,1.543,-0.45,2.225,-0.801,-0.198,-0.851,-1.456,-1.167,2.01,1.435,-0.042,1.188,1.009,2.329,-0.213
121063,NAN TE 113::IRGC 70345-1,CON,4.063,0.727,0.365,0.401,-0.029,-0.326,1.612,-0.506,2.07,-0.907,-0.26,-0.738,-1.347,-1.081,2.107,1.417,0.184,1.096,0.81,2.124,-0.025
121064,NARGUNI::IRGC 74713-1,CON,5.653,0.862,0.26,0.419,-0.361,-0.759,1.543,-0.499,2.224,-1.187,-0.426,-1.071,-1.481,-1.076,1.808,1.373,-0.101,1.052,1.44,2.164,-0.166
121065,NARU HATHIYAL::IRGC 15547-1,CON,7.937,0.498,0.021,0.142,-0.493,-1.022,1.109,-0.55,1.856,-0.943,-0.342,-1.284,-1.77,-1.149,1.849,1.117,-0.136,1.2,0.881,2.045,-0.315
121066,NCS 130::IRGC 51879-1,CON,6.002,0.739,0.174,0.291,-0.039,-0.513,1.362,-0.491,2.125,-1.081,-0.367,-0.724,-1.469,-1.071,1.974,1.259,-0.068,1.051,1.155,1.852,-0.198
121070,NORUNKAN::IRGC 8934-1,CON,4.635,0.703,0.207,0.473,-0.127,-0.597,1.415,-0.664,1.951,-0.889,-0.296,-0.839,-1.658,-1.229,1.883,1.464,-0.085,1.038,1.261,1.554,-0.08
121073,NS 113::IRGC 68838-1,CON,7.103,0.581,0.491,0.371,-0.157,-0.521,1.268,-0.575,1.857,-1.046,-0.368,-0.86,-1.569,-1.18,1.989,1.283,-0.03,0.953,1.292,1.717,-0.268
121074,NS 1611::IRGC 68963-1,CON,4.74,0.548,0.275,0.506,-1.553,-1.638,1.432,-0.511,2.144,-1.081,-0.428,-2.398,-1.444,-1.167,1.657,1.479,-0.143,1.052,0.784,1.809,-0.094
121077,PANAKALI::IRGC 47399-1,CON,6.803,0.616,-0.058,0.288,-0.007,-0.6,1.397,-0.538,2.021,-0.951,-0.264,-0.678,-1.347,-1.131,2.088,1.235,0.052,1.128,0.648,1.54,-0.244
121079,PATCHAIPERUMAL::IRGC 15681-1,CON,7.139,0.572,0.04,0.051,-0.237,-0.943,1.267,-0.483,2.085,-0.712,-0.046,-0.991,-1.42,-1.032,2.102,1.034,-0.05,1.088,0.812,1.535,-0.271
121080,PAWHTUN::IRGC 33562-1,CON,4.728,0.565,0.288,0.42,-0.303,-0.719,1.534,-0.445,2.18,-0.824,-0.141,-1.009,-1.409,-1.108,2.05,1.409,-0.052,1.071,1.128,2.207,-0.09
121083,PERUM KARUPPAN::IRGC 15524-1,CON,3.606,0.732,0.386,0.447,-0.021,-0.45,1.626,-0.449,2.197,-0.58,0.061,-0.728,-1.481,-1.018,2.027,1.445,0.057,1.02,0.822,1.951,0.035
121085,PICONEGRO::IRGC 117022-1,CON,8.425,0.65,0.084,0.284,-0.375,-0.833,1.392,-0.535,2.003,-1.114,-0.449,-1.131,-1.495,-1.114,1.88,1.209,-0.115,1.182,0.783,1.54,-0.337
121087,PINURSIGI::IRGC 26889-1,CON,9.022,0.446,-0.039,0.242,-0.164,-0.996,1.241,-0.538,1.749,-0.75,-0.299,-0.921,-1.398,-1.125,1.691,1.203,-0.315,1.026,1.284,1.821,-0.369
121089,PSBRC 18::IRGC 117375-1,CON,4.952,0.951,0.288,0.542,-0.117,-0.578,1.607,-0.323,2.298,-0.889,-0.2,-0.824,-1.337,-1.108,2.071,1.495,0.104,0.794,0.776,1.664,-0.107
121091,PURBIA (KALANSAR)::IRGC 59189-1,CON,6.875,0.715,0.413,0.118,-0.767,-1.721,1.2,-0.676,1.946,-0.963,-0.322,-1.398,-1.658,-1.252,1.925,1.095,-0.12,1.189,0.66,1.746,-0.249
121092,QING GU::IRGC 59839-1,CON,4.848,0.99,0.512,0.391,-0.156,-0.44,1.582,-0.492,2.208,-1.066,-0.375,-0.812,-1.377,-1.086,1.969,1.383,0.07,1.192,0.706,1.492,-0.091
121093,QING SHUI ZAO::IRGC 72807-1,CON,5.946,0.786,0.292,0.434,-0.292,-0.735,1.37,-0.397,2.209,-0.836,-0.215,-0.996,-1.585,-1.222,1.952,1.429,-0.025,1.069,0.819,1.682,-0.184
121094,RACE::IRGC 15706-1,CON,7.76,0.453,-0.034,0.3,-0.239,-0.87,0.62,-0.277,1.985,-0.932,-0.376,-1.155,-1.268,-0.86,1.784,1.121,-0.258,0.998,0.999,1.825,-0.308
121095,RAJ BHOG::IRGC 77294-1,CON,4.928,0.345,0.178,0.432,-0.027,-0.532,1.582,-0.29,2.358,-0.719,-0.1,-0.747,-1.337,-0.996,2.1,1.509,0.103,1.026,1.023,2.365,-0.105
121098,RATHKANDIRAM::IRGC 36507-1,CON,4.087,0.85,0.439,0.328,-0.172,-0.625,1.488,-0.524,2.123,-0.613,0.011,-0.883,-1.42,-1.194,1.88,1.34,-0.095,1.059,0.866,1.977,-0.026
121099,RAY JAZAYKAYZ::IRGC 62181-1,CON,6.334,0.792,0.174,0.179,-0.225,-0.502,1.445,-0.498,2.176,-0.903,-0.246,-0.971,-1.569,-1.071,1.914,1.198,-0.144,1.036,1.29,1.628,-0.213
121100,RAY NABJA::IRGC 62184-1,CON,7.909,0.908,0.719,0.231,-0.313,-0.668,1.158,-0.463,1.882,-1.398,-0.674,-1.076,-1.523,-1.046,1.824,1.171,-0.206,1.099,0.755,1.641,-0.317
121101,RED PIE BOLD 17-214::IRGC 38207-1,CON,5.729,0.927,0.103,0.441,-0.202,-0.662,1.393,-0.536,2.111,-0.836,-0.237,-0.917,-1.432,-1.056,1.906,1.458,0.001,1.129,1.246,2.12,-0.162
121102,RR 166-645::IRGC 117352-1,CON,6.983,0.823,0.279,0.305,-0.108,-0.604,1.408,-0.595,1.622,-1.222,-0.607,-0.936,-1.553,-1.229,1.883,1.224,-0.142,1.402,0.788,1.098,-0.259
121104,RTS 5::IRGC 8233-1,CON,4.764,0.605,0.251,0.517,-0.171,-0.642,1.511,-0.616,1.968,-0.883,-0.26,-0.879,-1.569,-1.26,1.905,1.503,-0.038,1.125,0.875,1.531,-0.086
121105,RUZZ (HABUR)::IRGC 55679-1,CON,4.479,0.907,0.161,0.548,-0.007,-0.535,1.69,-0.452,2.2,-0.866,-0.206,-0.719,-1.319,-1.097,2.025,1.522,-0.004,1.112,0.902,2.103,-0.061
121110,SAN DU BAI MI HONG GU::IRGC 59849-1,CON,10.517,0.503,-0.036,0.256,-0.434,-0.703,1.257,-0.457,1.787,-1.432,-0.777,-1.229,-1.538,-1.004,1.777,1.102,-0.146,1.087,0.937,2.012,-0.434
121111,SAN RI QI::IRGC 59855-1,CON,8.574,0.639,0.061,0.224,-0.189,-0.963,0.822,-0.914,1.753,-0.845,-0.559,-0.979,-1.387,-1.328,1.765,1.013,-0.208,1.426,0.656,1.697,-0.339
121118,SHONTH::IRGC 74717-1,CON,5.809,0.689,0.086,0.474,-0.088,-0.577,1.614,-0.556,2.109,-0.708,-0.078,-0.796,-1.444,-1.222,1.822,1.455,-0.119,1.023,0.957,2.138,-0.166
121122,SOKOU MALSIRA::IRGC 77301-1,CON,5.353,0.862,0.469,0.39,-0.33,-0.767,1.525,-0.388,2.247,-0.59,-0.044,-1.041,-1.553,-1.131,2.129,1.362,-0.061,1.141,0.994,2.4,-0.139
121124,SOMIMADAMO::IRGC 69044-1,CON,6.739,0.421,-0.138,0.422,-0.213,-0.726,1.486,-0.742,1.961,-1.131,-0.387,-0.924,-1.553,-1.187,1.853,1.399,-0.116,0.801,0.836,2.026,-0.244
121127,SUDUWEE::IRGC 8972-1,CON,6.935,0.856,0.59,0.269,-0.253,-0.575,1.484,-0.604,2.069,-0.939,-0.272,-1.032,-1.509,-1.167,1.94,1.169,-0.032,1.126,0.717,1.297,-0.246
121130,SURMANIYA::IRGC 61148-1,CON,4.788,0.528,0.081,0.302,-0.277,-0.684,1.401,-0.564,2.067,-1.06,-0.402,-0.991,-1.444,-1.18,1.956,1.292,-0.164,0.978,1.192,1.779,-0.099
121131,SUTHUWEE::IRGC 8915-1,CON,8.846,0.61,0.098,0.203,-0.146,-0.914,0.979,-0.417,1.781,-1.018,-0.349,-0.943,-1.585,-0.991,1.552,1.128,-0.195,1.024,0.845,1.583,-0.359
121136,TELOVOLANA::IRGC 69969-1,CON,6.599,0.577,0.269,0.202,-0.32,-1.056,1.13,-0.391,2.023,-0.917,-0.306,-1.137,-1.569,-0.987,1.963,1.2,-0.051,1.007,1.38,1.976,-0.237
121137,TI KU::IRGC 1224-1,CON,7.139,0.687,0.115,0.379,-0.13,-0.914,0.429,-0.824,2.196,-1.585,-0.804,-0.879,-1.367,-1.276,1.808,1.349,-0.188,1.4,0.719,1.686,-0.264
121139,TNAU 7456::IRGC 39858-1,CON,8.133,0.746,0.403,0.225,-0.194,-0.62,1.206,-0.728,1.676,-1.086,-0.423,-0.921,-1.678,-1.292,1.798,1.181,-0.167,1.206,1.303,1.888,-0.322
121140,TSIAMPOETRY::IRGC 77902-1,CON,7.44,0.409,-0.032,0.326,-0.14,-0.699,1.29,-0.487,2.07,-1.125,-0.55,-0.842,-1.523,-1.076,1.762,1.282,-0.177,1.11,0.766,1.538,-0.288
121141,TSIPALA FOTSY::IRGC 69973-1,CON,5.092,0.886,0.491,0.386,-0.203,-0.845,1.042,-0.447,2.072,-0.848,-0.211,-0.91,-1.553,-1.06,2.232,1.325,-0.007,0.966,0.708,1.597,-0.127
121142,TSIPALA MENA::IRGC 69977-1,CON,6.25,0.716,0.249,0.155,-0.42,-0.917,1.237,-0.491,2.029,-1.013,-0.402,-1.18,-1.678,-1.092,1.88,1.135,-0.088,1.012,0.743,1.352,-0.213
121144,TSIPALA::IRGC 10989-1,CON,5.805,0.736,0.327,0.467,-0.12,-0.785,1.503,-0.426,2.238,-0.967,-0.35,-0.824,-1.387,-1.161,1.898,1.426,-0.057,0.969,0.831,1.585,-0.178
121146,UBA MURALI::IRGC 25928-1,CON,6.575,0.833,0.503,0.29,-0.163,-0.652,0.615,-0.602,2.204,-0.754,-0.121,-0.893,-1.62,-1.174,1.744,1.281,-0.149,1.217,0.635,1.439,-0.226
121147,UP 1537::IRGC 70490-1,CON,4.431,0.957,0.452,0.514,-0.334,-0.759,1.619,-0.439,2.249,-0.943,-0.287,-1.056,-1.553,-1.114,1.86,1.472,-0.099,0.955,1.128,2.03,-0.063
121151,VARY VATO MENAHODITRA::IRGC 69111-1,CON,5.288,0.574,-0.058,0.323,-0.355,-0.83,1.632,-0.34,2.352,-0.971,-0.388,-1.092,-1.585,-0.996,1.912,1.344,0.012,1.182,0.954,2.191,-0.131
121152,VELLAI SEENETTI::IRGC 15516-1,CON,8.305,0.45,-0.1,0.239,-0.376,-0.539,0.795,-0.467,1.862,-1.347,-0.59,-1.167,-1.602,-1.041,1.851,1.206,-0.09,1.339,0.985,2.131,-0.331
121153,WANNI DAHANALA::IRGC 15721-1,CON,9.211,0.508,-0.016,0.257,-0.324,-0.932,0.981,-0.465,1.82,-1.252,-0.558,-1.114,-1.538,-1.046,1.804,1.217,-0.225,1.211,1.007,2.211,-0.379
121156,XI GU HONG::IRGC 74226-1,CON,6.254,0.785,0.593,0.235,-0.116,-0.889,0.763,-0.796,1.721,-1.602,-1,-0.854,-1.347,-1.328,1.834,1.128,-0.189,1.513,0.703,1.786,-0.206
121157,XI NUO ZAO::IRGC 68279-1,CON,6.971,0.867,0.419,0.327,-0.363,-0.821,1.371,-0.553,1.763,-1.149,-0.487,-1.201,-1.523,-1.137,1.928,1.247,-0.107,1.236,0.722,1.606,-0.254
121158,YAKADA::IRGC 51096-1,CON,6.859,0.385,-0.086,0.283,-0.059,-0.821,1.26,-0.458,2.018,-1.215,-0.542,-0.799,-1.602,-1.066,2.033,1.227,-0.145,1.07,0.81,1.716,-0.246
121159,YE TI ZHAN::IRGC 68296-1,CON,6.719,0.836,0.487,0.391,-0.996,-0.593,1.355,-0.368,1.963,-1.119,-0.471,-2.699,-1.377,-0.9,2.206,1.334,0.207,1.004,0.934,1.893,-0.232
121161,ZALCHA::IRGC 62190-1,CON,6.891,0.725,0.382,0.228,-0.258,-0.914,0.999,-0.73,2.106,-0.907,-0.261,-1.004,-1.523,-0.947,1.827,1.204,-0.202,1.154,0.741,1.607,-0.256
121162,ZAO SHAO ZHAN::IRGC 68318-1,CON,8.093,0.613,0.452,0.315,-0.28,-0.674,1.19,-0.602,1.865,-1.602,-0.967,-1.013,-1.678,-1.149,1.73,1.285,-0.257,1.047,0.741,1.97,-0.321
121163,ZAO SHOU 691-11::IRGC 70447-1,CON,8.253,0.74,0.163,0.267,-0.234,-0.799,1.299,-0.415,2.003,-1.125,-0.489,-1.018,-1.509,-1,1.711,1.217,-0.379,1.071,0.916,1.509,-0.333
121164,ZI GAN NAN GU::IRGC 70468-1,CON,12.171,0.405,0.088,0.186,-0.481,-0.903,0.874,-0.502,1.823,-1.585,-0.936,-1.292,-1.523,-1.041,1.797,1.037,-0.18,1.025,1.11,2.131,-0.498
121165,ZS 4::IRGC 56707-1,CON,5.533,0.597,0.009,0.646,-0.164,-0.65,1.608,-0.488,2.198,-0.91,-0.27,-0.866,-1.319,-1.137,2.071,1.598,0.04,1.386,0.87,2.054,-0.156
121169,DALIFODE::IRGC 57766-1,CON,6.126,0.405,0.173,0.447,-0.266,-0.726,1.443,-0.553,2.117,-0.967,-0.31,-0.967,-1.481,-1.222,1.973,1.441,-0.189,0.791,0.835,1.852,-0.208
121172,MAHADETHE::IRGC 74762-1,CON,7.019,0.606,0.093,0.356,-0.177,-0.821,0.879,-0.595,1.902,-1.051,-0.345,-0.896,-1.62,-1.18,1.654,1.264,-0.078,1.169,0.631,1.422,-0.258
121176,XI GU ZAO::IRGC 72360-1,CON,10.549,0.716,0.416,0.205,-0.466,-0.836,1.046,-0.616,1.882,-1.328,-0.708,-1.252,-1.523,-1.187,2.459,1.092,-0.22,1.259,0.869,1.994,-0.433
121225,THAPACHINIYA::IRGC 16234-1,CON,6.186,0.882,0.549,0.243,-0.167,-0.47,1.405,-0.406,2.317,-0.842,-0.201,-0.866,-1.553,-0.951,2.045,1.181,0.072,0.411,0.789,1.648,-0.204
121235,KHAO DAWK MALI 105::IRGC 27748-2,CON,5.537,0.558,0.08,0.525,-0.067,-0.602,1.548,-0.519,2.184,-0.695,-0.06,-0.79,-1.398,-1.174,1.848,1.462,-0.05,1.115,1.107,2.171,-0.157
121237,DA 29 (SR 26 B)::IRGC 25850-1,CON,6.546,0.353,-0.102,0.453,-0.186,-0.686,1.484,-0.532,2.166,-0.936,-0.249,-0.917,-1.432,-1.076,1.92,1.406,-0.08,0.996,1.156,2.115,-0.231
121576,NGAJA::IRGC 64917-1,CON,7.171,0.686,0.149,0.243,-0.188,-0.81,1.248,-0.51,1.95,-1.071,-0.324,-1.086,-1.377,-1.036,1.872,1.109,-0.113,1.095,0.859,1.839,-0.274
121642,SOM CAU 70 A::IRGC 8227-1,CON,9.259,0.473,0.046,0.238,-0.706,-0.833,1.223,-0.397,1.953,-0.91,-0.3,-1.284,-1.569,-1,2.229,1.186,0.145,1.224,0.939,1.979,-0.383
121663,GAJPATI::IRGC 58981-1,CON,4.207,0.538,0.189,0.528,-0.038,-0.561,1.552,-0.491,2.181,-0.775,-0.141,-0.754,-1.432,-1.086,2.259,1.543,0.034,0.942,0.899,1.804,-0.043
121689,BADKALAMKATI::IRGC 45011-1,CON,5.561,0.739,0.438,0.451,-0.289,-0.735,1.455,-0.551,2.098,-1.081,-0.435,-0.996,-1.721,-1.292,1.93,1.425,-0.002,0.832,1.362,2.066,-0.159
121705,APO::C1,CON,8.197,0.597,0.097,0.112,-0.783,-0.79,1.047,-0.498,1.92,-1.018,-0.418,-1.398,-1.602,-1.076,2.017,1.077,-0.173,1.387,0.866,2.158,-0.318
121708,ARC 15872::IRGC 43249-C1,CON,4.968,0.832,0.518,0.558,0.043,-0.58,1.588,-0.469,2.231,-0.996,-0.324,-0.68,-1.481,-1.174,2.169,1.499,0.107,1.038,0.699,1.864,-0.109
121716,BH 2::C1,CON,4.063,0.694,0.177,0.517,-0.253,-0.664,1.598,-0.35,2.324,-1.032,-0.366,-0.971,-1.377,-1.119,2.247,1.479,0.081,0.792,0.932,2.113,-0.03
121717,BODOMANO::GERVEX 8343-C1,CON,3.89,1.002,0.432,0.58,0.01,-0.489,1.656,-0.207,2.377,-0.788,-0.162,-0.701,-1.377,-0.996,2.054,1.542,0.061,1.043,0.94,2.202,-0.002
121721,BOTRIKELY::GERVEX 8404-C1,CON,7.196,0.422,-0.206,0.285,-0.409,-1,1.238,-0.652,1.891,-0.955,-0.345,-1.155,-1.638,-1.229,1.759,1.241,-0.222,0.946,0.73,1.652,-0.277
121725,CHERIVIRUPPU::IRGC 19928-C1,CON,3.958,0.392,0.141,0.523,-0.041,-0.511,1.608,-0.41,2.25,-0.712,-0.076,-0.754,-1.357,-1.041,2.019,1.474,0.059,1.34,1.526,2.38,-0.008
121748,IR 2006-P12-12-2::IRGC 32675-C1,CON,7.059,0.849,0.593,0.087,-0.235,-0.575,1.078,-0.595,1.971,-0.971,-0.333,-1.018,-1.481,-1.167,1.785,1.076,-0.166,1.034,1.405,1.92,-0.257
121750,IR 50::C1,CON,8.746,0.668,0.349,-0.038,-0.304,-1.004,1.021,-0.499,1.974,-1.119,-0.44,-1.119,-1.569,-1.071,1.904,0.963,-0.072,1.163,0.829,1.815,-0.357
121751,IR 52::IRGC 53434-C1,CON,5.909,0.866,0.858,0.148,-0.305,-0.599,1.418,-0.545,2.227,-0.854,-0.213,-1.086,-1.553,-1.125,1.752,1.147,-0.167,1.581,1.326,2.023,-0.173
121752,IR 55419-04::C1,CON,8.926,0.41,0.127,0.203,-0.447,-0.91,1.148,-0.396,1.981,-1.092,-0.489,-1.538,-1.481,-0.983,1.625,1.132,-0.397,1.192,0.872,1.858,-0.369
121753,IR 60::IRGC 63493-C1,CON,8.073,0.563,0.158,-0.092,-0.401,-0.963,1.162,-0.613,2.074,-0.78,-0.188,-1.585,-1.432,-1.194,1.839,0.856,-0.182,1.165,1.372,1.832,-0.322
121760,IR 72::C1,CON,7.147,0.708,0.239,-0.094,-0.321,-0.827,0.788,-0.445,1.871,-0.939,-0.326,-1.027,-1.569,-1.097,1.899,0.917,-0.201,1.216,0.804,1.957,-0.272
121771,JAMAJIGI::C1,CON,3.49,0.855,0.246,0.718,0.104,-0.375,1.627,-0.14,2.537,-0.827,-0.192,-0.595,-1.432,-0.863,2.037,1.682,-0.041,1.063,0.968,1.975,0.045
121774,KALINGA III::C1,CON,5.689,0.894,0.341,0.345,-0.114,-0.747,1.535,-0.558,1.854,-1.678,-0.848,-0.947,-1.409,-1.201,1.823,1.236,-0.255,1.34,0.595,1.742,-0.171
121785,LOHAMBITRO 224::GERVEX 5144-C1,CON,6.723,0.541,0.337,0.23,-2.222,-0.712,1.433,-0.53,2.184,-0.991,-0.306,-0.92,-1.538,-1.097,1.948,1.199,-0.087,1.363,0.781,1.81,-0.234
121799,NIONOKA::C1,CON,6.967,0.744,0.369,0.359,-0.644,-0.854,1.17,-0.52,2.011,-0.807,-0.173,-1.509,-1.456,-1.102,1.877,1.304,-0.119,1.091,0.759,1.697,-0.256
121808,POPOT::IRGC 43545-C1,CON,5.216,0.455,0.127,0.519,-0.174,-0.635,1.431,-0.463,2.191,-0.815,-0.187,-0.889,-1.585,-1.187,1.934,1.425,-0.09,1.083,1.246,2.423,-0.136
121811,ROJOFOTSY 693::GERVEX 8407-C1,CON,6.026,0.851,0.953,0.357,-0.095,-0.633,1.475,-0.47,2.113,-0.693,-0.141,-0.833,-1.42,-1.051,1.959,1.326,-0.004,1.157,0.698,1.492,-0.193
121812,ROJOMENA 1034::GERVEX 8412-C1,CON,6.51,0.546,0.107,0.28,-0.081,-0.747,1.299,-0.342,1.984,-0.833,-0.223,-0.745,-1.409,-0.975,2.068,1.231,0.009,0.953,1.319,1.777,-0.231
121821,SAHELIKA::C1,CON,4.696,0.561,0.281,0.459,-0.261,-0.69,1.458,-0.472,2.201,-1.071,-0.369,-0.971,-1.745,-1.131,1.844,1.424,-0.089,0.996,0.976,2.01,-0.082
121823,SOMIZY::GERVEX 8419-C1,CON,6.27,0.526,0.098,0.315,-0.01,-0.559,1.505,-0.398,2.205,-1.131,-0.51,-0.742,-1.602,-1.018,2.066,1.317,0.068,1.184,1.519,2.198,-0.206
121827,TELIMANI::C1,CON,7.352,0.611,0.099,0.375,-0.328,-0.866,1.291,-0.517,2.029,-1.018,-0.416,-1.276,-1.398,-1.102,1.806,1.258,-0.234,1.083,0.685,1.514,-0.281
121829,TOKAMBANY 663::GERVEX 8358-C1,CON,7.284,0.311,-0.15,0.281,-0.265,-0.762,1.441,-0.527,2.178,-0.866,-0.249,-0.971,-1.569,-1.167,2.296,1.267,0.279,1.172,0.896,2.409,-0.274
121830,TOKAMBANY 669::GERVEX 8406-C1,CON,5.541,0.851,0.457,0.51,-0.127,-0.64,1.451,-0.638,2.086,-0.801,-0.146,-1.018,-1.367,-1.161,2.053,1.389,0.071,1.057,0.745,1.507,-0.16
121834,TSIPALA FOTSY 1883::GERVEX 5387-C1,CON,6.55,0.634,0.305,0.214,-0.246,-0.742,1.419,-0.616,2.001,-0.759,-0.192,-1.036,-1.678,-1.201,1.791,1.18,-0.144,1.267,0.615,1.401,-0.224
121835,UPL RI 5::IRTP 7034-C1,CON,5.104,0.548,0.015,0.326,-0.123,-0.447,1.172,-0.471,2.1,-1.013,-0.388,-0.799,-1.602,-1.036,1.991,1.308,-0.034,1.192,0.912,2.195,-0.123
121836,VARY MADINIKA 3494::GERVEX 8318-C1,CON,9.828,0.737,0.36,0.215,-0.265,-1.081,0.775,-0.449,1.905,-1.854,-0.932,-1.051,-1.328,-1.009,2.024,0.924,0.017,1.277,0.911,1.897,-0.397
121839,VARY VATO 154::GERVEX 5429-C1,CON,6.198,0.634,0.496,0.329,-0.008,-1.076,1.58,-0.439,2.089,-1.046,-0.411,-0.775,-1.469,-1.018,2.07,1.296,-0.018,1.016,1.413,2.058,-0.211
121840,VATO MATSOAMALONA::GERVEX 8454-C1,CON,5.913,0.353,-0.101,0.49,-0.15,-0.644,1.515,-0.6,2.04,-0.903,-0.264,-0.86,-1.569,-1.26,1.844,1.454,-0.136,1.132,0.749,1.834,-0.186
121846,WAS 169-B-B-4-2-1::C1,CON,4.936,0.89,0.743,0.223,-0.29,-0.91,1.362,-0.688,2.177,-0.967,-0.333,-1.187,-1.509,-1.268,2.046,1.229,0.024,1.065,0.5,1.667,-0.111
121847,WAS 181-B-6-3::C1,CON,7.175,0.755,0.325,0.244,-0.37,-1.469,1.007,-0.535,1.933,-0.842,-0.245,-1.114,-1.538,-1.114,1.916,1.006,-0.097,1.159,1.31,1.928,-0.27
121848,WAS 182-B-1-1::C1,CON,7.268,0.574,0.259,0.257,-0.321,-0.67,1.305,-0.547,1.715,-1.032,-0.437,-1.143,-1.569,-1.125,1.687,1.226,-0.205,1.086,0.798,1.921,-0.28
121849,WAS 183-B-6-2-3::C1,CON,8.405,0.663,0.419,-0.108,-0.427,-0.772,1.315,-0.606,1.955,-1.377,-0.703,-1.222,-1.585,-1.18,1.868,0.866,-0.171,1.206,0.762,1.699,-0.34
121850,WAS 194-B-3-2-5::C1,CON,5.192,0.901,0.534,0.303,-0.277,-0.646,1.426,-0.582,2.211,-0.896,-0.247,-1.081,-1.469,-1.174,1.89,1.254,-0.139,1.139,0.775,1.986,-0.132
121851,WAS 197-B-6-3-11::C1,CON,5.697,0.811,0.487,0.35,-0.253,-0.656,1.263,-0.462,2.054,-0.873,-0.231,-0.907,-1.538,-1.018,2.137,1.292,0.119,1.08,0.717,1.883,-0.172
121852,WAS 200-B-B-1-1-1::C1,CON,7.56,0.555,0.021,0.371,-0.36,-1.114,0.362,-0.706,2.177,-0.91,-0.278,-1.276,-1.26,-1.26,2.192,1.223,0.151,0.988,0.553,1.237,-0.292
121853,WAS 202-B-B-1-1-2::C1,CON,6.23,0.852,0.356,0.269,-0.194,-0.636,1.316,-0.483,2.045,-1.114,-0.48,-0.967,-1.62,-1.071,1.685,1.233,-0.233,1.056,0.703,1.654,-0.21
121854,WAS 207-B-B-3-1-1::C1,CON,4.147,0.751,0.245,0.577,0.067,-0.503,1.671,-0.238,2.386,-0.857,-0.248,-0.666,-1.658,-0.991,1.828,1.547,-0.157,0.602,0.727,1.529,-0.037
121855,WAS 208-B-B-5-1-1-3::C1,CON,7.736,0.785,0.429,0.293,-0.385,-0.943,1.198,-0.519,2.018,-0.896,-0.257,-1.42,-1.444,-1.086,1.765,1.186,-0.141,1.125,0.707,1.327,-0.301
121856,WAS 20-B-B-1-2-2::C1,CON,7.644,0.677,0.229,0.181,-1.959,-0.507,1.348,-0.548,2.099,-1.051,-0.415,-1.204,-1.553,-1.143,1.707,1.131,-0.362,0.957,1.273,1.718,-0.302
121857,WAS 30-11-4-6-2-2-1::C1,CON,5.441,1.056,0.633,0.407,-0.249,-0.611,1.413,-0.64,2.326,-0.79,-0.162,-1.208,-1.481,-1.237,2.061,1.329,0.128,1.197,0.645,1.739,-0.146
121858,WAS 62-B-B-17-1-1-3::C1,CON,8.69,0.617,0.015,0.212,-0.243,-1.046,0.968,-0.533,1.765,-0.866,-0.264,-1.174,-1.469,-1.114,1.701,1.169,-0.225,1.203,0.79,1.936,-0.351
121881,JC 120::IRGC 9178-1,CON,3.794,0.749,0.32,0.547,0.045,-0.5,1.534,-0.558,2.071,-0.556,0.065,-0.664,-1.42,-1.137,1.928,1.499,-0.068,0.985,0.717,1.607,0.003
121889,PELITA JANGGUT::IRGC 43540-1,CON,5.609,0.379,-0.066,0.486,-0.187,-0.654,1.47,-0.471,2.03,-0.848,-0.19,-0.903,-1.398,-1.194,1.878,1.364,-0.131,0.983,1.268,2.038,-0.166
121963,ANGIFOTSY 685::GERVEX 4717-C1,CON,6.631,0.649,0.287,0.226,-0.461,-1.252,1.022,-0.544,1.968,-1.051,-0.393,-1.319,-1.62,-1.119,2.002,1.173,-0.04,1.17,0.595,1.181,-0.236
121965,ARANG::IRGC 43322-C1,CON,4.195,0.788,0.361,0.455,-0.194,-0.623,1.401,-0.423,2.218,-0.824,-0.201,-0.9,-1.469,-1.143,2.119,1.427,-0.082,1.101,0.958,2.344,-0.039
121990,BOTRA MAITSO::GERVEX 8389-C1,CON,6.567,0.688,0.441,0.198,-0.334,-0.932,1.342,-0.493,1.809,-1.032,-0.389,-1.051,-1.658,-1.092,1.598,1.184,-0.156,0.943,1.319,1.982,-0.236
122000,CARREON::IRGC 32575-C1,CON,7.849,0.564,0.097,0.408,-0.184,-0.921,1.258,-0.572,1.913,-0.71,-0.081,-1.125,-1.337,-1.137,1.823,1.246,-0.264,1.264,0.993,1.788,-0.31
122011,CICA 8::C1,CON,5.845,0.705,-0.105,0.312,-0.088,-0.848,1.406,-0.488,2.213,-1.222,-0.609,-0.788,-1.553,-1.102,2.051,1.288,-0.044,1.472,0.772,1.927,-0.175
122025,CT 6510-24-1-2::C1,CON,7.32,0.597,0.305,0.27,-0.211,-0.876,1.211,-0.455,1.963,-1.022,-0.394,-0.979,-1.432,-1.018,1.762,1.223,-0.142,1.367,0.837,1.738,-0.267
122029,DANAU LAUT TAWAR::C1,CON,5.625,0.808,0.412,0.33,-0.12,-0.607,1.593,-0.413,2.012,-1.009,-0.371,-0.836,-1.538,-1.009,2.138,1.281,-0.055,1.044,0.759,1.657,-0.169
122076,H 15-23-DA::C1,CON,4.219,0.484,0.153,0.488,-0.184,-0.642,1.41,-0.529,2.086,-0.827,-0.198,-0.896,-1.602,-1.229,1.917,1.463,-0.075,1.132,1.2,1.868,-0.041
122088,IR 1561-228-3-3::IRGC 32627-C1,CON,6.462,0.618,0.03,0.197,-0.625,-1.328,1.05,-0.561,2.132,-0.963,-0.349,-2.046,-1.509,-1.149,1.845,1.184,-0.138,1.113,0.774,1.908,-0.23
122089,IR 19746-28-2-2::IRGC 78072-C1,CON,5.681,0.764,0.358,0.055,-1.268,-0.71,1.052,-0.544,2.055,-0.83,-0.198,-1.084,-1.658,-1.137,1.962,1.073,-0.061,0.928,1.36,1.9,-0.173
122090,IR 20::C1,CON,4.231,0.789,0.31,0.62,0.069,-0.5,1.565,-0.398,2.293,-0.747,-0.103,-0.658,-1.357,-1.036,1.987,1.559,-0.111,1.053,0.772,1.885,-0.04
122091,IR 22::IRGC 11356-C1,CON,5.256,0.565,0.055,0.191,-0.108,-0.461,0.87,-0.516,2.125,-1.027,-0.399,-0.851,-1.585,-1.102,1.97,1.159,-0.107,1.037,0.802,2.116,-0.137
122093,IR 2344-P1 PB-9-3-2B::IRGC 39317-C1,CON,8.165,0.759,0.481,0.259,-0.159,-1.051,0.915,-0.879,2.428,-1.367,-0.73,-0.928,-1.398,-1.367,1.739,1.185,-0.234,1.475,0.714,1.669,-0.315
122094,IR 28::IRGC 30411-C1,CON,9.716,0.49,0.162,0.199,-0.239,-0.996,1.071,-0.622,1.781,-1.097,-0.438,-0.987,-1.699,-1.187,1.692,1.199,-0.265,1.228,0.944,1.917,-0.398
122098,IR 57920-AC 25-2-B::C1,CON,6.787,0.629,0.312,0.198,-0.446,-0.535,1.229,-0.517,2.016,-0.975,-0.328,-1.143,-1.658,-1.081,1.917,1.195,-0.007,1.066,0.662,1.775,-0.243
122099,IR 57924-24::IRTP 16675-C1,CON,4.936,0.804,0.424,0.34,-0.127,-0.396,1.348,-0.509,2.285,-1.268,-0.466,-0.804,-1.495,-1.086,2.026,1.357,0.109,1.101,0.601,1.558,-0.106
122112,IR 74371-54-1-1::C1,CON,7.913,0.511,-0.02,0.228,-0.613,-0.642,1.133,-0.469,2.015,-1.051,-0.39,-1.149,-1.444,-1.032,1.989,1.175,-0.049,1.119,0.817,1.884,-0.315
122140,KOGONI 91-1::C1,CON,6.01,0.767,0.255,0.395,-0.389,-0.824,1.465,-0.429,2.228,-1.174,-0.523,-1.108,-1.699,-1.097,1.932,1.349,-0.001,0.77,1.4,1.666,-0.183
122156,MACAN BINUNDOK::IRGC 8245-C1,CON,4.98,0.63,0.07,0.512,-0.107,-0.583,1.514,-0.367,2.294,-0.801,-0.156,-0.812,-1.328,-1.18,2.012,1.375,-0.013,1.253,0.934,1.74,-0.111
122159,MAMORIAKA 114::GERVEX 5176-C1,CON,3.878,0.811,0.704,0.512,-0.054,-0.305,1.621,-0.577,2.228,-0.83,-0.159,-0.742,-1.398,-1.06,2.158,1.492,0.071,1.038,0.783,1.855,-0.004
122179,NAM SA GUI 19::IRTP 6892-C1,CON,5.481,0.607,0.014,0.498,-0.141,-0.625,1.455,-0.069,2.225,-0.903,-0.208,-0.857,-1.538,-1.046,1.951,1.485,-0.058,0.944,0.808,1.672,-0.156
122181,NONA BOKRA::IRGC 22710-C1,CON,4.904,0.578,0.191,0.465,-0.432,-0.854,1.547,-0.426,2.217,-1.009,-0.351,-1.143,-1.495,-1.18,1.91,1.462,-0.066,0.765,1.079,2.288,-0.103
122206,POKKALI::IRGC 108921-C1,CON,7.24,0.683,0.193,0.292,-0.201,-0.733,1.063,-0.564,1.85,-0.975,-0.333,-0.939,-1.569,-1.102,1.845,1.248,-0.106,0.978,0.778,1.525,-0.275
122232,SAHEL 108::C1,CON,8.562,0.642,0.156,0.02,-0.703,-1.051,0.855,-0.606,1.739,-0.917,-0.293,-1.328,-1.367,-1.167,1.837,0.942,-0.159,1.657,0.852,1.905,-0.314
122236,SALUMPIKIT::IRTP 4777-C1,CON,5.745,0.516,0.046,0.23,-0.228,-0.509,1.394,-0.545,2.238,-0.879,-0.237,-0.951,-1.495,-1.125,2.026,1.27,0.026,1.115,0.743,2.07,-0.176
122239,SAMBALA MALO::C1,CON,7.636,0.679,0.021,0.264,-1.114,-0.75,0.538,-0.416,2.091,-0.943,-0.292,-1.074,-1.444,-0.983,1.859,1.182,-0.143,1.118,0.798,1.705,-0.297
122255,SONA::IRGC 26971-C1,CON,5.224,0.773,0.366,0.579,0,-0.547,1.507,-0.463,2.225,-0.971,-0.376,-0.719,-1.602,-1.032,1.712,1.565,-0.201,0.782,1.452,2.184,-0.133
122258,SWARNA::IRGC 117278-C1,CON,7.652,0.631,0.176,0.304,-0.559,-0.609,1.267,-0.616,2.177,-0.866,-0.221,-1.201,-1.824,-1.108,2.495,1.267,-0.217,1.093,1.37,1.972,-0.302
122272,UPL RI 7::IRTP 9897-C1,CON,5.873,0.632,0.283,0.363,-0.059,-0.658,1.284,-0.374,1.856,-0.896,-0.294,-0.775,-1.444,-0.886,1.856,1.324,-0.135,1.141,0.875,1.875,-0.185
122284,WAS 170-B-B-1-1::C1,CON,7.796,0.727,0.28,0.347,-0.458,-0.757,1.29,-0.485,1.767,-0.733,-0.148,-1.398,-1.367,-1.076,1.701,1.255,-0.265,1.194,0.707,1.634,-0.305
122285,WAS 173-B-B-6-2-2::C1,CON,6.346,0.498,0.207,0.283,-0.322,-0.767,1.372,-0.469,1.913,-0.845,-0.239,-1.056,-1.495,-1.06,1.811,1.229,-0.194,1.033,0.738,1.767,-0.222
122286,WAS 174-B-3-5::C1,CON,6.362,1.027,0.895,0.415,-0.369,-0.821,1.378,-0.662,2.147,-0.889,-0.256,-1.357,-1.42,-1.252,1.819,1.331,-0.169,1.144,0.688,1.827,-0.223
122287,WAS 198-B-3-1-3::C1,CON,6.37,0.68,0.189,0.206,-0.397,-0.9,1.106,-0.474,1.955,-0.963,-0.353,-1.086,-1.585,-1.041,2.002,1.124,-0.21,0.994,0.709,1.582,-0.225
122288,WAS 199-B-1-2-1::C1,CON,7.063,0.701,0.237,0.275,-0.282,-0.752,1.291,-0.483,2.07,-0.812,-0.197,-1.081,-1.585,-1.056,1.831,1.196,-0.244,1.076,0.778,1.654,-0.262
122289,WAS 203-B-B-2-4-1::C1,CON,4.175,0.694,0.199,0.481,-0.312,-0.728,1.578,-0.413,2.26,-0.883,-0.22,-1.027,-1.509,-1.155,2.017,1.481,-0.021,0.932,1.329,1.99,-0.04
122290,WAS 206-B-B-2-2-1::C1,CON,6.138,0.827,0.233,0.404,-0.099,-0.733,1.464,-0.59,2.232,-0.726,-0.197,-0.883,-1.481,-1.155,1.853,1.318,-0.098,1.047,1.303,1.929,-0.205
122291,WAS 21-B-B-20-4-3-3::C1,CON,8.678,0.626,0.246,0.31,-0.197,-0.996,1.282,-0.471,1.671,-0.79,-0.277,-1.18,-1.469,-1.046,1.76,1.208,-0.289,1.057,1.294,1.813,-0.356
122298,WAY RAREM::IRTP 23013-C1,CON,3.85,0.731,0.503,0.353,-0.153,-0.311,1.365,-0.409,2.269,-1.174,-0.384,-0.833,-1.469,-1,2.323,1.337,0.279,1.071,0.64,1.874,-0.003
117268,IR 64-21,DRO,6.5385,0.93,0.369,0.489,-0.091,-0.896,1.782,-0.442,2.58,-0.932,-0.297,-0.857,-1.553,-0.932,2.101,1.389,0.063,1.5,0.859,1.571,-0.13
117271,MINGHUI 63,DRO,6.3061,0.797,-0.003,0.322,0.334,-0.863,1.772,-0.535,2.451,-1.036,-0.58,-0.921,-1.569,-1.347,1.956,1.33,-0.056,1.121,0.808,2.058,-0.156
117276,SADU CHO,DRO,6.4063,1.16,0.797,0.548,-0.101,-0.656,1.245,-0.585,2.45,-1.18,-0.668,-0.804,-1.678,-1.252,1.92,1.535,-0.053,1.406,0.62,1.826,-0.099
117277,SANHUANGZHAN NO 2,DRO,3.9423,0.835,0.554,0.506,0.113,-0.644,1.992,-0.348,3.086,-1.06,-0.529,-0.836,-1.678,-0.754,2.41,1.448,0.313,1.615,0.752,1.479,0.102
117280,ZHENSHAN 97 B,DRO,7.4079,0.89,0.466,0.543,-0.128,-0.759,1.26,-0.726,2.518,-1.114,-0.757,-0.745,-1.432,-1.215,1.973,1.425,0.008,1.349,0.751,2.006,-0.167
117443,CERE AIR::IRGC 43369-1,DRO,6.1138,0.616,0.263,0.256,0.275,-0.676,1.836,-0.672,2.312,-0.939,-0.374,-0.987,-2,-1.26,1.958,1.31,-0.039,1.512,0.724,1.746,-0.077
117447,CHITRAJ (DA 23)::IRGC 6208-1,DRO,5.7292,1.072,0.747,0.414,0.28,-0.706,1.827,-0.45,2.548,-1.252,-0.693,-0.979,-1.553,-1.222,2.019,1.433,-0.037,1.584,0.805,1.275,-0.057
117454,CO 39::IRGC 51231-1,DRO,6.9071,1.012,0.576,0.456,-0.116,-0.658,1.346,-0.668,2.464,-1.569,-0.16,-0.833,-1.276,-1.229,1.963,1.401,-0.019,1.65,0.695,1.864,-0.108
117460,DA 9::IRGC 5854-1,DRO,4.3029,0.858,0.406,0.335,0.392,-0.719,1.961,-0.53,2.46,-1.143,-0.572,-1.018,-1.824,-1.143,2.096,1.384,0.081,1.626,0.684,2.103,0.056
117463,DE ABRIL::IRGC 50463-1,DRO,5.2324,0.92,0.417,0.402,0.375,-0.827,1.846,-0.666,2.31,-0.78,-0.186,-0.979,-1.658,-1.337,1.927,1.43,-0.118,1.421,0.504,1.766,-0.04
117470,FANDRAPOTSY::IRGC 10984-1,DRO,7.5481,0.816,0.447,0.042,-0.152,-1.208,1.733,-0.623,2.639,-1.097,-0.37,-0.863,-1.678,-1.046,2.052,0.978,-0.018,1.384,0.701,1.391,-0.18
117478,GIE 57::IRGC 8231-1,DRO,4.4071,0.72,0.22,0.446,0.454,-0.676,1.952,-0.504,2.483,-0.78,-0.317,-1.022,-1.745,-1.161,2.13,1.481,-0.023,1.367,0.682,1.887,0.014
117500,JC 91::IRGC 9177-1,DRO,4.2027,0.815,0.38,0.499,0.493,-0.526,1.943,-0.433,2.559,-1.036,-0.807,-0.854,-1.886,-1.056,2.134,1.541,0.132,1.389,0.653,1.82,0.071
117501,JC 92::IRGC 9176-1,DRO,5.4287,0.792,0.764,0.497,0.34,-0.642,1.832,-0.371,2.641,-1.046,-0.721,-0.75,-1.824,-1.201,2.035,1.437,0.022,1.563,0.748,1.592,-0.007
117520,LAGEADO::IRGC 50490-1,DRO,3.8301,0.9,0.558,0.558,0.534,-0.53,2.004,-0.573,1.876,-0.724,-0.365,-0.845,-1.62,-1.149,2.137,1.58,0.076,1.24,0.517,1.64,0.102
117521,LAL AMAN::IRGC 46202-1,DRO,5.2364,0.855,0.7,0.202,0.308,-0.682,1.882,-0.582,2.395,-0.896,-0.372,-1.022,-1.658,-1.301,1.958,1.211,-0.025,1.56,0.674,1.824,-0.028
117525,MADAEL::IRGC 7722-1,DRO,5.9936,0.999,0.746,0.402,-0.035,-0.638,1.458,-0.48,2.755,-1.301,-0.695,-0.883,-1.824,-1.013,1.918,1.352,-0.035,1.271,0.661,1.573,-0.088
117527,MAKALIOKA 34::IRGC 6087-1,DRO,6.0537,0.948,0.576,0.481,0.23,-0.646,1.809,-0.462,2.543,-1.222,-0.783,-0.821,-1.77,-1.215,2.062,1.468,0.012,1.611,0.72,1.789,-0.057
117531,MILYANG 23::IRGC 34393-1,DRO,5.2163,0.733,0.419,0.482,-0.003,-0.55,1.862,-0.474,2.736,-1.06,-0.44,-0.793,-1.678,-0.848,2.198,1.417,0.146,1.771,0.745,1.39,0.101
117533,MTU 9::IRGC 7919-1,DRO,9.0905,0.978,0.642,0.323,-0.169,-0.873,1.342,-0.521,2.52,-1.456,-0.547,-0.896,-1.77,-1.119,1.758,1.282,-0.133,1.464,0.7,1.532,-0.203
117559,PETA::IRGC 32571-1,DRO,5.1883,0.771,0.383,0.231,0.396,-0.629,1.858,-0.79,2.208,-1.032,-0.662,-0.947,-1.585,-1.229,2.02,1.233,0.007,1.331,0.642,1.874,-0.024
117561,PIN TAWNG::IRGC 40673-1,DRO,4.2588,0.909,0.363,0.201,0.44,-0.848,1.963,-0.489,2.487,-0.996,-0.439,-1.161,-1.745,-1.137,2.133,1.225,0.015,1.375,0.657,1.928,0.039
117563,PTB 25::IRGC 6386-1,DRO,5.8974,0.91,0.5,0.372,-0.032,-0.73,0.313,-0.742,2.735,-1.086,-0.446,-0.87,-1.886,-1.119,1.932,1.383,-0.003,1.395,0.717,2.096,-0.055
117564,PTB 9::IRGC 6274-1,DRO,5.7011,1.165,1.125,0.459,-0.005,-0.597,1.459,-0.523,2.695,-1.076,-0.427,-0.79,-1.824,-0.857,1.902,1.498,-0.027,1.603,0.625,1.541,0.037
117567,RATHUWEE::IRGC 8952-1,DRO,5.4367,0.838,0.725,0.364,0.394,-0.724,1.795,-0.504,2.51,-1.194,-0.845,-0.979,-2,-1.215,2.032,1.396,-0.007,1.294,0.717,1.752,-0.074
117574,RTS 4::IRGC 8177-1,DRO,9.2067,0.805,0.435,0.278,0.085,-1.009,1.652,-0.529,2.469,-1.602,-0.896,-0.907,-1.409,-1.347,1.869,1.251,-0.059,1.537,0.91,1.628,-0.243
117587,TD 25::IRGC 9146-1,DRO,4.5513,0.993,0.272,0.549,0.414,-0.86,1.93,-0.582,2.414,-1.032,-0.37,-1.06,-1.509,-1.495,2.018,1.582,0.043,1.164,0.459,1.466,0.001
117589,TETEP::IRGC 32576-1,DRO,5.7933,0.834,0.457,0.401,0.376,-0.695,1.817,-0.526,2.459,-1.131,-0.747,-0.943,-1.678,-1.252,2.012,1.415,-0.022,1.388,0.813,2.122,-0.105
117598,VANDANA::IRGC 117398-1,DRO,6.3902,0.812,0.394,0.365,-0.145,-0.79,0.375,-0.507,2.544,-1.222,-0.592,-0.91,-1.658,-1.26,1.956,1.295,-0.01,1.469,0.708,2.024,-0.091
117622,RTS 14,DRO,5.633,1.082,0.608,0.347,-0.04,-0.788,0.811,-0.721,2.67,-1.187,-0.764,-0.91,-2,-1.041,1.983,1.312,0.015,1.273,0.661,2.05,-0.077
117623,BR24,DRO,7.1434,0.854,0.512,0.435,-0.081,-0.703,1.78,-0.613,2.649,-1.066,-0.382,-0.87,-1.538,-0.879,2.09,1.418,0.194,1.506,0.869,1.69,-0.073
117636,AI-CHIAO-HONG,DRO,6.2941,1.06,0.633,0.313,-0.066,-0.638,0.741,-0.783,2.609,-1.268,-0.939,-0.851,-1.824,-1.076,1.959,1.288,0.03,1.575,0.65,1.911,-0.069
117659,BINULAWAN,DRO,8.0649,0.739,0.207,0.536,-0.239,-0.991,1.279,-0.68,2.58,-1.854,-1.357,-0.842,-1.509,-1.167,1.772,1.472,-0.178,1.316,0.517,1.614,-0.21
117681,CHANG CH'SANG HSU TAO,DRO,6.4623,1.027,0.872,0.435,-0.095,-0.678,1.77,-0.506,2.485,-1.155,-0.554,-0.876,-1.495,-0.991,2.057,1.429,0.069,1.335,0.703,1.349,-0.13
117682,CHAU,DRO,7.9527,0.958,0.739,0.417,-0.117,-1.284,0.923,-0.583,2.443,-0.928,-0.137,-0.767,-1.469,-0.983,1.776,1.381,-0.159,1.452,0.973,1.706,-0.167
117684,CHIEM CHANH,DRO,5.0962,0.828,0.548,0.488,0.332,-0.616,1.855,-0.548,2.427,-1.114,-0.886,-0.889,-1.638,-1.268,1.913,1.523,-0.056,1.451,0.799,2.229,0.198
117691,CO 18,DRO,7.0473,1.174,0.826,0.355,-0.077,-0.697,1.43,-0.47,2.637,-1.276,-1.041,-0.9,-1.602,-1.051,1.961,1.356,0.067,1.534,0.733,1.536,-0.078
117745,GUAN-YIN-TSAN,DRO,7.0353,1.111,0.794,0.568,-0.128,-1.066,1.368,-0.686,2.77,-1.495,-0.733,-0.951,-1.409,-1.076,1.818,1.588,-0.093,1.501,0.559,1.755,-0.109
117757,IR 36,DRO,4.4191,0.959,1.021,0.396,0.064,-0.9,1.978,-0.431,2.911,-0.883,-0.282,-0.889,-2.155,-0.75,2.242,1.357,0.248,1.664,0.803,0.595,0.091
117758,IR 8,DRO,6.6667,0.746,-0.074,0.304,0.3,-0.963,1.723,-0.733,2.229,-0.987,-0.611,-0.886,-1.523,-1.301,1.964,1.307,-0.129,1.091,0.646,1.869,-0.169
117784,KIANG-CHOU-CHIU,DRO,6.238,1.147,0.811,0.394,-0.081,-1.387,1.374,-0.65,2.419,-1.854,-1.137,-0.783,-1.432,-1.041,1.809,1.349,-0.162,1.482,0.522,1.909,-0.071
117793,KUN-MIN-TSIEH-HUNAN,DRO,5.8013,0.993,0.346,0.475,-0.05,-0.686,1.817,-0.463,2.614,-1.114,-0.604,-0.939,-1.495,-0.896,2.124,1.426,0.138,1.33,0.785,1.838,-0.078
117826,O-LUEN-CHEUNG,DRO,6.9111,0.922,0.555,0.28,-0.081,-0.695,0.953,-0.752,2.623,-1.284,-0.68,-0.876,-1.959,-1.097,1.998,1.244,0.045,1.384,0.754,1.917,-0.152
117829,ORYZICA LLANOS 5,DRO,5.5128,0.776,0.432,0.327,0.33,-0.686,1.85,-0.672,2.296,-0.857,-0.229,-0.873,-1.602,-1.26,1.872,1.336,-0.134,1.531,1.129,2.18,-0.066
117840,PAO TOU HUNG,DRO,5.5168,1.064,0.76,0.518,-0.018,-0.907,1.476,-0.491,2.596,-1.658,-0.735,-0.785,-1.553,-1.076,1.962,1.461,-0.021,1.472,0.571,1.64,-0.014
117841,PAPPAKU,DRO,7.7364,0.974,0.739,0.454,-0.116,-0.678,1.264,-0.592,2.526,-1.721,-0.836,-0.845,-1.658,-1.174,1.83,1.395,-0.086,1.598,0.671,1.478,-0.106
117848,PEH-KUH,DRO,4.8958,1.117,1.295,0.369,0.306,-0.559,1.89,-0.492,2.502,-1.26,-0.564,-0.801,-1.585,-1.215,2.079,1.362,0.011,1.477,0.929,2.106,-0.033
117849,PEH-KUH-TSAO-TU,DRO,6.3341,1.199,1.018,0.498,-0.077,-0.654,1.445,-0.607,2.641,-1.208,-0.625,-0.896,-1.658,-1.022,1.852,1.503,-0.126,1.29,0.489,1.657,-0.116
117880,SERATOES HARI,DRO,6.0897,0.967,0.442,0.045,-0.057,-0.67,1.83,-0.559,2.573,-1.131,-0.526,-0.788,-1.796,-1.056,2.229,1.044,0.148,1.352,0.783,1.969,-0.106
117881,SHAI-KUH,DRO,4.9079,1.03,0.43,0.439,0.047,-0.724,1.943,-0.622,3.119,-1.076,-0.701,-1.092,-1.721,-0.955,2.187,1.464,0.156,1.493,0.55,1.784,0.003
117907,TAICHUNG NATIVE 1,DRO,3.6579,0.967,0.471,0.605,0.166,-0.592,2.049,-0.445,3.137,-0.5,-0.548,-0.903,-1.824,-0.688,2.406,1.56,0.433,1.259,0.677,1.816,0.126
117912,TEQING,DRO,4.6554,0.947,0.344,0.484,0.046,-0.726,1.937,-0.492,2.892,-1.108,-0.848,-0.762,-1.237,-0.917,2.165,1.331,0.161,1.49,0.67,1.761,0.053
117915,TKM 6,DRO,7.8045,1.224,0.862,0.567,-0.126,-1.854,1.515,-0.556,2.421,-1.699,-0.815,-0.752,-1.328,-1.066,1.88,1.432,-0.119,1.599,0.698,1.693,-0.107
120855,15577::IRGC 76987-1,DRO,5.5048,0.93,0.509,0.44,-0.031,-0.633,1.442,-0.551,2.608,-1.469,-0.893,-0.896,-1.921,-0.921,2.108,1.433,0.112,1.402,0.605,1.755,-0.025
120856,17/79/02-005::IRGC 51080-1,DRO,4.5433,0.999,0.452,-0.093,0.058,-0.638,1.942,-0.516,2.939,-0.719,-0.41,-0.928,-1.187,-0.889,2.216,0.919,0.113,1.185,0.644,1.646,0.012
120859,849::IRGC 5970-1,DRO,4.6434,0.913,0.802,0.46,0.386,-0.66,1.779,-0.452,2.547,-1.086,-0.573,-0.854,-1.569,-1.149,2.097,1.5,0.072,1.479,0.907,2.1,0.002
120860,AGAMI M 1::IRGC 4158-1,DRO,5.0561,0.694,0.338,0.373,0.413,-0.796,1.889,-0.642,2.359,-0.827,-0.317,-1.036,-1.658,-1.208,2.069,1.356,-0.021,1.433,0.57,1.847,-0.028
120861,AI LAN KE 1110::IRGC 67034-1,DRO,5.4808,0.989,0.689,0.444,-0.074,-0.633,1.831,-0.487,2.599,-1.032,-0.561,-0.815,-1.638,-0.924,2.25,1.312,0.157,1.499,0.63,1.487,-0.042
120862,AN QING ZAO::IRGC 72577-1,DRO,7.2636,1.17,0.891,0.504,-0.105,-0.564,1.529,-0.514,2.575,-1.167,-0.614,-0.947,-1.509,-1.137,1.963,1.443,0.008,1.63,0.719,1.866,-0.141
120863,ANAYANSI::IRGC 77474-1,DRO,4.7516,0.696,0.132,0.522,0.456,-0.544,1.916,-0.484,2.523,-1.108,-0.733,-0.721,-1.509,-1.167,2.015,1.549,0.036,1.381,0.903,2.295,-0.005
120867,ARC 10818::IRGC 21079-1,DRO,6.9471,1.106,0.677,0.562,-0.092,-1.458,1.73,-0.343,2.639,-1.119,-0.32,-0.812,-1.745,-0.936,2.132,1.527,0.075,1.599,0.851,1.25,-0.121
120878,B 6144 F-MR-6::IRGC 117313-1,DRO,5.1282,0.797,0.27,0.52,-0.017,-0.83,1.862,-0.449,2.651,-0.83,-0.395,-1.092,-1.509,-0.876,2.2,1.487,0.16,1.318,0.764,1.475,-0.029
120879,BADA DHAN::IRGC 26540-1,DRO,7.7564,0.902,0.78,0.465,0.141,-0.893,1.694,-0.544,2.47,-1.469,-0.719,-0.907,-1.481,-1.268,1.923,1.42,-0.114,1.582,0.808,1.906,-0.171
120880,BAI HE::IRGC 76437-1,DRO,6.7107,0.93,0.51,0.494,-0.111,-0.64,1.356,-0.777,2.545,-1.268,-0.611,-0.772,-1.31,-1.194,1.953,1.331,-0.036,1.462,0.65,1.818,-0.126
120882,BALGALA GURMATIA::IRGC 61074-1,DRO,4.4271,0.73,0.411,0.395,0.399,-0.812,1.945,-0.53,2.441,-0.991,-0.435,-1.131,-1.745,-1.208,2.076,1.433,-0.049,1.606,0.643,1.618,0.078
120883,BAMAWPYAN::IRGC 72458-1,DRO,5.8253,0.745,0.194,0.549,-0.075,-0.74,1.228,-0.55,2.423,-0.717,-0.172,-1.046,-1.585,-0.873,2.05,1.49,0.067,1.506,1.255,1.787,-0.049
120892,BG 301::IRGC 117315-1,DRO,7.8966,1.038,0.864,0.31,-0.116,-0.943,1.41,-0.553,2.632,-1.553,-0.845,-1.161,-1.633,-1.086,1.858,1.378,-0.075,1.522,0.746,1.575,-0.158
120893,BG 34-11::IRGC 15782-1,DRO,7.5681,0.901,0.286,0.456,-0.156,-0.996,1.335,-0.593,2.604,-1.854,-1.237,-0.896,-1.538,-1.131,1.853,1.385,-0.122,1.299,0.576,1.568,-0.187
120895,BIRAIN 360::IRGC 6550-1,DRO,4.9359,1.097,0.528,0.363,0.032,-0.807,1.935,-0.656,3.016,-1.081,-0.668,-1.097,-1.796,-0.879,2.443,1.338,0.281,1.6,0.618,1.681,-0.005
120904,BYAT KYAR::IRGC 33004-1,DRO,6.5825,0.913,0.399,0.144,0.276,-0.91,1.796,-0.496,2.498,-1.027,-0.564,-1.18,-1.824,-1.201,1.981,1.244,-0.054,1.507,0.814,1.87,-0.116
120909,CHI TOU HUANG 1::IRGC 51280-1,DRO,6.266,1.151,0.78,0.483,-0.033,-0.666,0.946,-0.491,2.478,-1.237,-0.554,-0.947,-1.444,-1,1.951,1.523,0.051,1.41,0.581,1.583,0.055
120912,CHINA 98-45-1::IRGC 1598-1,DRO,5.028,0.993,0.485,0.524,0.387,-0.629,1.905,-0.442,2.553,-1.119,-0.65,-0.863,-1.602,-1.149,2.07,1.572,-0.006,1.347,0.922,2.277,-0.045
120913,CHORUA KARTIKSAIL::IRGC 77230-1,DRO,6.7348,0.747,0.285,0.292,0.248,-0.873,1.778,-0.513,2.475,-0.928,-0.372,-1.102,-1.456,-1.187,2.064,1.309,-0.064,1.482,0.765,1.637,-0.124
120914,CHUA DAU::IRGC 4785-1,DRO,5.2564,1.254,0.615,0.537,-0.054,-0.635,1.427,-0.498,2.678,-1.208,-0.538,-0.777,-1.824,-0.928,1.982,1.546,-0.004,1.484,0.548,1.544,0.006
120916,CIMARRON::IRGC 116967-1,DRO,4.5272,0.716,0.228,0.475,0.054,-0.567,1.994,-0.447,2.92,-0.697,-0.165,-0.783,-1.658,-0.833,2.189,1.42,0.165,1.234,1.21,1.993,0.024
120924,DA 5::IRGC 5855-1,DRO,6.6747,0.696,0.43,0.316,0.258,-0.717,1.768,-0.573,2.443,-1.081,-0.547,-1.018,-1.886,-1.26,1.945,1.334,-0.102,1.443,0.707,1.829,-0.139
120925,DA NUO (ZHAN)::IRGC 72024-1,DRO,5.8814,1.101,0.696,0.523,-0.074,-1.108,0.018,-0.788,2.683,-1.509,-0.975,-1.26,-1.921,-1.097,1.932,1.512,-0.028,1.473,0.655,2.062,-0.052
120929,DENG DENG QI::IRGC 72671-1,DRO,5.9014,1.03,0.772,0.413,-0.035,-0.652,0.853,-0.562,2.679,-1.155,-0.701,-0.971,-1.745,-1.26,1.987,1.448,0.095,1.438,0.768,2.393,-0.053
120939,DJOGOLON DJOGOLON::IRGC 75577-1,DRO,6.5705,1.005,0.626,0.403,-0.139,-1.387,0.24,-0.451,2.358,-0.907,-0.264,-0.71,-1.658,-0.947,1.989,1.358,0.008,1.242,1.137,1.701,-0.138
120946,E 5168::IRGC 68021-1,DRO,7.1394,0.93,0.49,0.45,-0.105,-0.672,1.314,-0.726,2.621,-1.143,-0.629,-0.839,-1.337,-1.208,2.022,1.453,0.042,1.39,0.735,1.836,-0.15
120947,E ZI 124::IRGC 70215-1,DRO,5.8413,0.845,0.658,0.512,-0.037,-0.592,1.869,-0.46,2.529,-0.693,-0.213,-0.77,-1.602,-0.921,2.253,1.419,0.247,1.288,1.285,2.007,-0.091
120948,ELWEE::IRGC 15565-1,DRO,4.7596,0.843,1.048,0.44,-0.011,-0.64,1.901,-0.636,2.959,-1.167,-0.438,-0.943,-2.398,-0.955,2.327,1.41,0.211,1.636,0.507,1.453,0.018
120949,EMBRAPA 6 CHUI::IRGC 116981-1,DRO,6.9591,1.009,0.49,0.452,-0.127,-1.284,1.377,-0.67,2.593,-1.638,-1.125,-0.772,-1.585,-1.092,1.836,1.402,-0.11,1.382,0.473,1.522,-0.133
120952,Ea houm::IRGC 12925-1,DRO,7.7364,1.351,0.677,0.557,-0.1,-1.119,1.741,-0.319,2.716,-1.086,0.301,-0.752,-1.638,-1,2.094,1.51,0.067,1.635,1.284,1.652,-0.135
120958,GODA HEENATI::IRGC 31393-1,DRO,5.4647,0.996,0.737,0.259,0.167,-0.68,1.883,-0.682,2.963,-1.137,-0.652,-0.959,-0.804,-0.854,2.281,1.207,0.249,1.547,0.725,1.791,-0.039
120959,GOPAL::IRGC 61953-1,DRO,4.3029,0.887,0.52,0.455,0.44,-0.611,1.953,-0.524,2.45,-0.708,-0.567,-0.81,-1.658,-1.222,2.059,1.483,0.02,1.36,0.709,1.979,0.027
120964,HAO HOM::IRGC 12931-1,DRO,5.7051,1.013,0.546,0.584,-0.031,-0.682,1.875,-0.45,2.643,-1.187,-0.211,-0.975,-1.523,-0.914,1.845,1.556,-0.13,1.364,1.179,1.366,-0.053
120970,HONG MI DONG MAO ZHAN::IRGC 68078-1,DRO,6.6907,1.056,0.811,0.499,-0.081,-0.449,1.602,-0.517,2.654,-0.947,-0.351,-0.845,-1.387,-1.071,1.996,1.39,0.015,1.516,0.799,1.394,-0.124
120972,HONG ZUI ZAO::IRGC 68090-1,DRO,6.7107,1.185,0.99,0.467,-0.036,-0.386,1.65,-0.439,2.554,-1.187,-0.772,-0.73,-1.509,-1.051,2.02,1.349,0.049,1.634,0.659,1.713,-0.076
120977,ICTA POLOCHIC::IRGC 116997-1,DRO,5.2123,1,0.451,0.366,0.453,-0.728,1.746,-0.708,2.271,-0.967,-0.738,-0.943,-1.553,-1.252,2.041,1.355,0.011,1.135,0.573,1.427,-0.025
120979,INIAP 415::IRGC 117001-1,DRO,6.4463,0.599,-0.028,0.364,0.337,-0.666,1.8,-0.541,2.448,-0.785,-0.394,-0.91,-1.638,-1.208,1.901,1.367,-0.133,1.177,1.153,1.999,-0.157
120981,IR 31917-45-3-2::IRGC 78132-1,DRO,4.7115,0.804,0.781,0.499,0.023,-0.602,1.914,-0.492,2.705,-0.979,-0.374,-0.9,-1.721,-0.796,2.217,1.423,0.189,1.294,0.631,1.601,0.007
120982,IR 32453-20-3-2-2::IRGC 76331-1,DRO,4.8798,0.844,0.325,0.395,0.566,-0.609,1.919,-0.583,2.401,-0.658,-0.428,-0.924,-1.699,-1.187,2.051,1.426,-0.007,1.148,0.837,2.24,-0.044
120983,IR 43::IRGC 117005-1,DRO,4.7957,0.431,-0.045,0.383,-0.033,-0.783,1.904,-0.492,2.894,-1.108,-0.724,-1.076,-2.046,-0.893,2.293,1.378,0.235,1.436,0.656,1.176,0.002
120984,IR 59469-2B-3-2::IRGC 99703-1,DRO,6.9311,1.172,0.919,0.522,-0.07,-0.662,1.323,-0.533,2.593,-1.678,-0.848,-0.866,-1.824,-1.018,1.889,1.529,-0.057,1.522,0.709,1.99,-0.102
120986,IR 74371-3-1-1::IRGC 117373-1,DRO,6.6747,0.762,0.267,0.416,-0.087,-0.73,-0.59,-0.433,2.576,-1.041,-0.815,-0.991,-1.77,-1.276,2.007,1.391,0.06,1.41,0.77,1.854,-0.12
120987,IR 77298-14-1-2::IRGC 117374-1,DRO,6.3902,1.029,0.715,0.483,-0.071,-0.717,1.2,-0.449,2.419,-1.046,-0.772,-0.775,-1.745,-0.943,2.02,1.438,0.088,1.522,0.705,1.719,-0.087
120988,IR 77384-12-35-3-12-1-B::IRGC 117299-1,DRO,4.6194,0.959,0.762,0.568,0.023,-0.611,1.915,-0.509,2.879,-0.83,-0.406,-0.876,-1.658,-0.87,2.32,1.494,0.214,1.535,0.608,0.907,0.029
120994,J 104::IRGC 117008-1,DRO,7.1755,0.654,0.004,0.227,0.296,-0.963,1.718,-0.726,2.266,-1.051,-0.524,-0.928,-1.469,-1.31,1.963,1.28,-0.079,1.169,0.634,1.618,-0.185
120998,JARIYU::IRGC 53265-1,DRO,6.6106,1.103,0.648,0.502,-0.088,-1.051,0.73,-0.428,2.568,-1.194,-0.263,-0.833,-1.569,-1.276,1.968,1.431,-0.005,1.309,1.239,1.946,-0.109
121001,JINLING 78-102::IRGC 88421-1,DRO,6.1378,0.957,0.695,0.541,-0.059,-1.301,1.359,-0.479,2.322,-1.125,-0.9,-0.706,-1.745,-0.924,2.052,1.575,0.08,1.37,0.634,1.786,-0.075
121010,KANNI MURUNGA::IRGC 15432-1,DRO,6.899,1.1,0.615,0.414,-0.087,-0.754,1.4,-0.582,2.684,-1.585,-0.921,-0.796,-1.553,-0.967,1.823,1.429,-0.064,1.271,0.605,1.624,-0.124
121011,KARAYAL::IRGC 51001-1,DRO,6.1579,1.153,1.043,0.466,-0.103,-0.484,1.129,-0.742,2.465,-1.18,-0.9,-0.821,-1.456,-1.167,1.975,1.399,0.041,1.576,0.675,1.975,-0.068
121015,KATI::IRGC 67838-1,DRO,5.3566,1.154,0.882,0.417,0.018,-0.575,1.461,-0.55,2.641,-1.276,-0.438,-0.754,-1.42,-0.991,1.908,1.389,-0.035,1.47,0.5,1.476,-0.003
121019,KHAO DAW TAI::IRGC 24108-1,DRO,6.7348,0.89,0.497,0.566,-0.092,-0.914,1.062,-0.441,2.552,-1.097,-0.336,-0.987,-1.569,-1.013,2.039,1.534,0.055,1.386,1.111,1.618,-0.138
121020,KHAO PON::IRGC 48114-1,DRO,5.5609,0.88,0.564,0.269,0.318,-0.724,1.845,-0.569,2.406,-1.009,-0.442,-1.027,-1.678,-1.268,1.883,1.292,0.002,1.424,0.482,1.413,-0.054
121023,KINANDANG PUTI::IRGC 44513-1,DRO,7.0633,1.102,0.798,0.522,-0.068,-0.979,0.615,-0.52,2.526,-0.896,-0.022,-0.775,-1.721,-0.983,1.93,1.462,-0.015,1.422,1.04,1.619,-0.102
121024,KIRIMURUNGA::IRGC 15585-1,DRO,8.2572,0.861,0.404,0.391,-0.134,-0.764,0.54,-0.539,2.511,-0.967,-0.548,-0.971,-1.62,-1.367,1.929,1.345,0.033,1.315,0.817,1.774,-0.191
121028,KUMBI::IRGC 752-1,DRO,6.7067,1.086,0.782,0.516,-0.127,-3,1.344,-0.587,2.419,-1.569,-0.733,-0.714,-1.444,-1.076,1.757,1.484,-0.253,1.469,0.532,1.747,-0.128
121034,LAL BAGDAR::IRGC 77272-1,DRO,6.2821,0.919,0.484,0.099,-0.067,-0.79,1.806,-0.442,2.558,-0.684,-0.346,-0.987,-1.638,-1.194,2.034,1.116,0.045,1.181,0.957,2.293,-0.137
121035,LALBAJAM::IRGC 49227-1,DRO,5.7452,0.859,0.559,0.406,0.348,-0.78,1.853,-0.625,2.348,-1.032,-0.514,-1.081,-1.602,-1.268,1.982,1.412,-0.02,1.56,0.795,1.827,-0.055
121040,LIU XU::IRGC 74099-1,DRO,8.0409,1.044,0.599,0.437,-0.131,-0.695,1.21,-0.83,2.508,-1.252,-1.046,-0.827,-1.42,-1.26,1.935,1.398,0.028,1.684,0.823,2.076,-0.124
121041,LOKU SAMBA::IRGC 31462-1,DRO,5.5529,0.767,0.405,0.476,0.321,-0.58,1.832,-0.451,2.545,-1.009,-0.274,-0.77,-1.854,-1.06,2.111,1.484,0.095,1.346,1.117,2.011,-0.064
121042,LONG ZI 1::IRGC 63726-1,DRO,7.3678,0.995,0.906,0.372,-0.118,-0.703,0.882,-0.519,2.325,-1.42,-1.046,-0.863,-1.824,-1.022,2.073,1.316,0.135,1.466,0.649,1.607,-0.143
121043,LUA TAU DUC::IRGC 16872-1,DRO,7.1755,0.902,0.54,0.249,-0.153,-0.807,1.707,-0.712,2.536,-0.79,-0.23,-1,-1.125,-1.036,1.998,1.185,-0.009,1.478,0.743,0.828,-0.144
121044,MA GU ZI HE::IRGC 68212-1,DRO,7.0713,1.081,0.428,0.403,-0.112,-1.796,0.708,-0.451,2.415,-1.854,-0.848,-0.764,-1.699,-0.975,1.996,1.283,0.026,1.289,0.664,1.662,-0.155
121045,MA WAINE OHN::IRGC 33357-1,DRO,4.6755,0.781,0.382,0.348,0.418,-0.81,1.933,-0.567,2.419,-0.73,-0.45,-1.108,-1.638,-1.131,2.105,1.354,-0.047,1.443,0.692,1.811,0.012
121049,MAKALIOKA::IRGC 77864-1,DRO,6.8189,0.8,0.773,0.368,0.189,-1.244,1.728,-0.495,2.486,-1.62,-0.987,-0.785,-1.409,-1.31,1.95,1.335,-0.11,1.648,0.722,1.861,-0.11
121050,MANDRIRAVINA::IRGC 69960-1,DRO,7.0873,0.97,0.983,0.513,-0.093,-0.71,1.741,-0.767,2.432,-0.848,-0.249,-0.979,-1.523,-0.943,2.017,1.541,0.127,1.489,0.838,1.123,-0.116
121051,MAURITIUS LOCAL::IRGC 5834-1,DRO,6.4343,0.82,0.479,0.128,0.279,-0.91,1.812,-0.544,2.459,-0.886,-0.472,-1.237,-1.602,-1.174,1.95,1.194,-0.099,1.366,0.728,1.455,-0.121
121052,MENAKELY::IRGC 69963-1,DRO,4.6875,0.71,0.175,-0.334,0.029,-0.64,1.936,-0.545,2.992,-0.947,-0.664,-0.924,-1.268,-0.893,2.155,0.729,0.114,1.52,0.614,1.25,0.016
121053,MG 2::IRGC 79837-1,DRO,6.0296,0.708,0.111,0.33,0.348,-0.726,1.79,-0.446,2.552,-0.73,-0.328,-0.932,-1.745,-1.229,2.021,1.362,-0.049,1.293,0.696,1.718,-0.111
121059,MOTTA SAMBA::IRGC 36489-1,DRO,6.0897,1.034,0.925,0.544,-0.032,-0.799,1.433,-0.66,2.537,-1.076,-1.367,-0.772,-1.602,-1.004,1.879,1.517,-0.067,1.521,0.509,1.712,-0.044
121062,NAKABAWA::IRGC 70676-1,DRO,5.7853,0.617,0.183,0.212,0.471,-0.886,1.855,-0.519,2.407,-0.577,-0.445,-1.292,-1.699,-1.237,2.073,1.236,-0.039,1.177,0.64,0.982,-0.108
121063,NAN TE 113::IRGC 70345-1,DRO,5.3526,1.18,0.711,0.521,-0.057,-0.804,0.958,-0.523,2.699,-1.292,-0.889,-0.914,-1.523,-0.959,1.976,1.518,0.042,1.452,0.63,1.87,-0.002
121064,NARGUNI::IRGC 74713-1,DRO,5.7091,0.968,0.359,0.396,0.33,-0.65,1.865,-0.554,2.437,-0.851,-0.292,-0.914,-1.721,-1.143,1.963,1.393,-0.106,1.367,1.237,1.951,-0.093
121065,NARU HATHIYAL::IRGC 15547-1,DRO,4.6635,1.141,0.722,0.38,0.036,-0.593,1.93,-0.66,2.981,-1.481,-0.979,-0.866,-1.699,-0.873,2.352,1.326,0.23,1.395,0.383,1.375,0.012
121066,NCS 130::IRGC 51879-1,DRO,6.7468,1.165,0.998,0.449,-0.062,-0.662,1.246,-0.484,2.588,-0.728,-0.205,-0.783,-1.553,-1.013,1.999,1.373,0.027,1.353,1.126,1.561,-0.095
121070,NORUNKAN::IRGC 8934-1,DRO,6.9992,0.649,0.224,0.332,0.165,-0.724,1.727,-0.572,2.444,-1.347,-0.801,-0.866,-1.638,-1.337,1.938,1.299,-0.073,1.472,0.721,1.827,-0.148
121073,NS 113::IRGC 68838-1,DRO,9.2508,0.58,0.423,0.517,-0.169,-0.975,1.309,-0.599,2.413,-1,-0.719,-0.807,-1.569,-1.092,1.804,1.476,-0.103,1.224,0.773,1.693,-0.234
121074,NS 1611::IRGC 68963-1,DRO,5.8293,0.904,0.614,0.309,0.306,-0.907,1.862,-0.572,2.411,-1.229,-0.74,-1.18,-1.62,-1.167,1.994,1.279,0.035,1.385,0.77,1.314,-0.069
121077,PANAKALI::IRGC 47399-1,DRO,8.3854,1.246,1.092,0.273,-0.149,-0.788,1.722,-0.726,2.57,-1.357,-0.752,-1.108,-1.398,-0.987,2.009,1.246,0.1,1.705,0.816,0.886,-0.12
121079,PATCHAIPERUMAL::IRGC 15681-1,DRO,8.113,1.118,0.913,0.277,-0.119,-0.757,1.762,-0.754,2.712,-1.301,-0.712,-1.081,-1.585,-0.936,2.019,1.239,0.186,1.472,0.858,1.667,-0.139
121080,PAWHTUN::IRGC 33562-1,DRO,4.8598,0.879,0.437,0.163,0.419,-0.77,1.928,-0.614,2.384,-0.777,-0.274,-1.071,-1.699,-1.167,2.049,1.185,-0.017,1.463,0.761,1.796,0.004
121083,PERUM KARUPPAN::IRGC 15524-1,DRO,5.2083,0.854,0.281,0.191,0.386,-0.674,1.751,-0.521,2.483,-0.742,-0.174,-0.983,-1.721,-1.237,2.01,1.119,-0.033,1.307,0.897,1.427,-0.057
121085,PICONEGRO::IRGC 117022-1,DRO,7.3518,1.145,0.766,0.481,-0.071,-0.616,1.445,-0.544,2.596,-1.268,-0.32,-0.804,-1.745,-0.921,1.84,1.433,-0.079,1.465,1.171,1.808,-0.108
121087,PINURSIGI::IRGC 26889-1,DRO,6.883,0.808,0.188,0.606,-0.135,-0.783,1.783,-0.465,2.551,-0.742,-0.16,-1.081,-1.602,-0.996,2.018,1.553,0.035,1.388,1.219,1.529,-0.139
121089,PSBRC 18::IRGC 117375-1,DRO,5.2163,1.078,0.358,0.247,0.473,-0.595,1.864,-0.558,2.429,-1.131,-0.733,-0.821,-1.638,-1.292,2.009,1.258,-0.012,1.048,0.724,2.194,-0.08
121091,PURBIA (KALANSAR)::IRGC 59189-1,DRO,6.0577,0.943,0.665,0.458,-0.058,-0.636,1.83,-0.504,2.817,-1.174,-0.526,-0.839,-1.42,-1.086,2.301,1.455,0.171,1.409,0.57,1.234,-0.092
121092,QING GU::IRGC 59839-1,DRO,6.8189,1.224,1.017,0.379,-0.059,-0.674,1.386,-0.558,2.513,-1.509,-0.866,-0.932,-1.553,-1.066,1.936,1.435,0.05,1.556,0.708,1.791,-0.063
121093,QING SHUI ZAO::IRGC 72807-1,DRO,6.27,1.34,0.978,0.471,0.179,-0.69,1.838,-0.456,2.548,-1.377,-0.491,-0.839,-1.569,-1.187,1.958,1.495,0.016,1.634,0.862,1.692,-0.056
121094,RACE::IRGC 15706-1,DRO,7.6923,0.903,0.878,0.22,-0.109,-0.777,1.045,-0.635,2.627,-1.125,-0.606,-1.027,-1.699,-1.347,1.934,1.205,0.037,1.393,0.774,1.941,-0.148
121095,RAJ BHOG::IRGC 77294-1,DRO,4.6074,0.781,0.541,0.193,0.476,-0.693,1.937,-0.538,2.432,-0.866,-0.538,-0.959,-1.678,-1.167,2.062,1.211,-0.048,1.325,0.623,1.858,-0.013
121098,RATHKANDIRAM::IRGC 36507-1,DRO,5.2684,1.037,0.525,0.33,0.388,-0.644,1.853,-0.533,2.479,-1.208,-0.866,-0.9,-1.602,-1.194,2.068,1.322,0.019,1.398,0.709,1.281,-0.04
121099,RAY JAZAYKAYZ::IRGC 62181-1,DRO,8.0489,1.234,0.984,0.393,-0.148,-0.724,1.356,-0.554,2.476,-1.456,-0.87,-0.836,-1.538,-1.137,1.836,1.385,-0.028,1.472,0.675,1.555,-0.181
121100,RAY NABJA::IRGC 62184-1,DRO,6.1538,0.998,0.778,0.381,-0.101,-0.688,1.202,-0.519,2.642,-1.347,-0.804,-0.932,-1.495,-1.26,1.964,1.388,0.04,1.395,0.67,1.968,-0.089
121101,RED PIE BOLD 17-214::IRGC 38207-1,DRO,6.25,1.186,0.907,0.493,0.328,-0.706,1.775,-0.646,2.319,-0.91,-0.613,-0.863,-1.523,-1.347,2.002,1.467,-0.08,1.46,0.668,2.072,-0.112
121102,RR 166-645::IRGC 117352-1,DRO,7.6282,0.966,0.32,0.495,-0.123,-0.678,1.488,-0.562,2.458,-1.119,-0.487,-0.955,-1.602,-1.161,2.042,1.414,0.095,1.393,0.762,1.211,-0.169
121104,RTS 5::IRGC 8233-1,DRO,6.5785,0.81,0.206,0.431,0.204,-0.71,1.772,-0.554,2.426,-1.229,-0.616,-0.886,-1.398,-1.328,1.907,1.386,-0.126,1.508,0.661,1.7,-0.108
121105,RUZZ (HABUR)::IRGC 55679-1,DRO,8.3133,0.728,0.492,0.333,0.224,-0.777,1.653,-0.506,2.487,-1.102,-0.478,-0.907,-1.921,-1.201,1.99,1.28,-0.095,1.284,1.173,1.677,-0.236
121110,SAN DU BAI MI HONG GU::IRGC 59849-1,DRO,5.9976,1.153,0.813,0.502,-0.027,-0.359,1.353,-0.724,2.62,-0.762,-0.539,-0.799,-1.398,-1.161,2.023,1.496,0.06,1.302,0.715,2.057,-0.09
121111,SAN RI QI::IRGC 59855-1,DRO,8.5577,0.882,0.328,0.458,-0.216,-0.708,0.925,-0.863,2.444,-0.955,-0.447,-0.979,-1.456,-1.252,1.927,1.246,-0.011,1.608,1.248,2.157,-0.194
121118,SHONTH::IRGC 74717-1,DRO,5.4567,0.859,0.568,0.433,0.352,-0.866,1.839,-0.401,2.475,-0.943,-0.3,-0.9,-1.796,-1.086,1.968,1.411,-0.016,1.296,1.258,1.946,-0.068
121122,SOKOU MALSIRA::IRGC 77301-1,DRO,6.3462,1.079,1.022,0.376,0.232,-0.73,1.763,-0.431,2.562,-0.873,-0.807,-0.783,-1.553,-1.215,1.984,1.376,-0.074,1.623,1.255,2.442,-0.12
121124,SOMIMADAMO::IRGC 69044-1,DRO,5.609,0.974,0.809,0.28,0.355,-0.81,1.899,-0.513,2.473,-0.854,-0.3,-1.097,-1.796,-1.027,1.965,1.331,-0.054,1.254,1.163,1.407,-0.087
121127,SUDUWEE::IRGC 8972-1,DRO,5.4768,1.128,0.971,0.449,-0.018,-0.728,1.497,-0.536,2.621,-1,-0.561,-0.979,-1.602,-0.975,1.969,1.451,-0.001,1.567,0.7,1.914,0.017
121130,SURMANIYA::IRGC 61148-1,DRO,5.0481,0.796,0.639,0.291,0.381,-0.851,1.911,-0.559,2.448,-0.947,-0.627,-1.137,-1.745,-1.119,2.028,1.35,-0.025,1.379,0.764,1.678,-0.032
121131,SUTHUWEE::IRGC 8915-1,DRO,6.891,1.095,0.91,0.23,-0.09,-0.693,1.437,-0.516,2.647,-1.284,-0.876,-0.907,-1.77,-1.041,1.885,1.21,-0.064,1.435,0.776,1.939,-0.142
121136,TELOVOLANA::IRGC 69969-1,DRO,7.6162,0.591,0.658,0.284,-0.096,-0.735,1.815,-0.693,2.545,-1.137,-0.351,-0.839,-1.77,-0.991,2.167,1.232,0.154,1.331,1.238,1.778,-0.173
121137,TI KU::IRGC 1224-1,DRO,7.7163,0.977,0.54,0.569,-0.178,-0.708,0.513,-0.783,2.6,-1.066,-0.688,-0.879,-1.444,-1.208,1.962,1.539,0.042,1.353,0.85,2.126,-0.163
121139,TNAU 7456::IRGC 39858-1,DRO,6.9071,1.062,0.922,0.334,-0.111,-1.022,1.152,-0.469,2.667,-1.602,-0.747,-0.836,-1.721,-0.991,2.016,1.289,0.012,1.528,0.734,1.805,-0.142
121140,TSIAMPOETRY::IRGC 77902-1,DRO,5.5449,1.033,0.725,0.481,0.271,-0.664,1.897,-0.597,2.91,-1.301,-0.593,-0.943,-1.824,-0.963,2.144,1.443,0.119,1.745,0.772,1.897,-0.011
121141,TSIPALA FOTSY::IRGC 69973-1,DRO,5.4527,0.824,0.45,-0.167,0.009,-0.636,1.874,-0.573,2.84,-1.131,-0.742,-0.873,-0.951,-0.848,2.243,0.823,0.236,1.226,0.603,0.907,-0.066
121142,TSIPALA MENA::IRGC 69977-1,DRO,4.1947,0.722,0.325,0.501,0.073,-0.582,1.985,-0.726,3.026,-1.237,-1.004,-0.873,-0.807,-0.764,2.362,1.458,0.276,1.435,0.471,1.87,0.051
121144,TSIPALA::IRGC 10989-1,DRO,6.2019,0.902,0.417,0.356,0.308,-0.79,1.777,-0.526,2.471,-1.114,-0.697,-1.027,-1.658,-1.252,1.967,1.377,0.002,1.291,0.719,1.388,-0.104
121146,UBA MURALI::IRGC 25928-1,DRO,6.903,1.09,0.799,0.381,-0.083,-0.69,1.416,-0.66,2.635,-1.569,-1.022,-0.914,-1.553,-1.086,1.885,1.38,-0.042,1.607,0.587,1.559,-0.087
121147,UP 1537::IRGC 70490-1,DRO,5.2404,0.866,0.52,0.339,0.413,-0.658,1.926,-0.485,2.51,-0.68,-0.286,-0.876,-1.678,-1.125,2.049,1.389,0.011,1.133,1.075,1.874,-0.066
121151,VARY VATO MENAHODITRA::IRGC 69111-1,DRO,7.1755,0.909,0.82,0.295,0.269,-0.775,1.762,-0.53,2.476,-0.979,-0.427,-1.041,-1.62,-1.215,1.886,1.349,-0.095,1.433,1.009,1.748,-0.163
121152,VELLAI SEENETTI::IRGC 15516-1,DRO,6.1579,0.832,0.481,0.42,-0.053,-0.693,0.795,-0.599,2.613,-1.244,-0.678,-1.013,-1.77,-1.328,1.916,1.419,-0.017,1.389,0.711,2.097,-0.064
121153,WANNI DAHANALA::IRGC 15721-1,DRO,5.8253,1.01,0.426,0.289,-0.02,-0.759,1.246,-0.567,2.665,-1.276,-0.762,-0.975,-1.62,-1.244,1.97,1.298,0.049,1.332,0.673,2.023,-0.08
121156,XI GU HONG::IRGC 74226-1,DRO,6.6787,0.943,0.607,0.442,-0.135,-0.668,0.85,-0.762,2.511,-2.398,-0.883,-0.848,-1.409,-1.252,1.988,1.334,0.039,1.575,0.826,2.373,-0.105
121157,XI NUO ZAO::IRGC 68279-1,DRO,5.1643,1.181,1.149,0.475,0.009,-0.654,1.208,-0.445,2.658,-1.367,-0.726,-0.947,-1.456,-0.939,2.011,1.489,0.059,1.607,0.536,1.583,0.039
121158,YAKADA::IRGC 51096-1,DRO,5.3646,0.964,0.837,0.375,0.375,-0.738,1.895,-0.483,3.077,-0.936,-0.407,-0.996,-2.097,-0.959,2.135,1.372,0.133,1.408,0.744,1.427,-0.041
121159,YE TI ZHAN::IRGC 68296-1,DRO,6.859,1.083,0.628,0.417,-0.105,-0.75,0.322,-0.81,2.626,-1.538,-0.936,-0.947,-2.097,-1.137,1.925,1.413,-0.048,1.547,0.824,2.205,-0.119
121161,ZALCHA::IRGC 62190-1,DRO,7.5361,1.031,0.596,0.49,-0.087,-0.678,1.391,-0.644,2.73,-1.398,-0.943,-0.866,-1.585,-1.06,1.821,1.506,-0.061,1.408,0.668,1.707,-0.131
121162,ZAO SHAO ZHAN::IRGC 68318-1,DRO,6.1779,1.027,0.873,0.441,-0.069,-0.851,0.675,-0.642,2.521,-1.26,-0.672,-0.876,-1.886,-1.086,2.004,1.45,0.044,1.27,0.569,1.862,-0.116
121163,ZAO SHOU 691-11::IRGC 70447-1,DRO,6.3582,1.052,1.117,0.365,-0.061,-0.724,1.847,-0.391,2.664,-1.022,-0.538,-0.955,-1.638,-0.924,2.141,1.315,0.14,1.291,0.786,1.078,-0.116
121164,ZI GAN NAN GU::IRGC 70468-1,DRO,7.1194,0.961,0.492,0.323,-0.097,-0.48,0.642,-0.577,2.594,-1.071,-1.041,-0.893,-1.678,-1.036,1.961,1.274,0.025,1.466,0.84,2.233,-0.148
121165,ZS 4::IRGC 56707-1,DRO,7.1795,1.161,1.013,0.411,-0.081,-0.708,1.726,-0.377,2.625,-1.959,-0.678,-0.879,-1.854,-1.174,2.085,1.386,0.078,1.764,0.878,2.011,-0.084
121169,DALIFODE::IRGC 57766-1,DRO,5.0801,0.795,0.352,0.164,0.366,-0.812,1.896,-0.548,2.448,-0.876,-0.412,-1.108,-1.854,-1.222,1.954,1.192,-0.06,1.212,0.653,1.294,-0.057
121172,MAHADETHE::IRGC 74762-1,DRO,6.5705,1.11,0.939,0.45,-0.06,-0.633,1.456,-0.562,2.66,-1.509,-0.801,-0.821,-1.658,-1.046,1.887,1.449,-0.047,1.547,0.662,1.651,-0.06
121176,XI GU ZAO::IRGC 72360-1,DRO,6.7388,0.983,0.538,0.56,-0.117,-0.478,1.041,-0.721,2.573,-1.444,-0.943,-0.836,-1.699,-1.119,1.905,1.501,-0.07,1.421,0.73,2.196,-0.126
121225,THAPACHINIYA::IRGC 16234-1,DRO,6.879,1.116,0.885,0.51,-0.077,-1.921,1.395,-0.547,2.438,-1.377,-0.836,-0.783,-1.569,-1.114,1.915,1.472,0,1.26,0.661,1.619,-0.138
121235,KHAO DAWK MALI 105::IRGC 27748-2,DRO,5.7332,0.818,0.523,0.365,0.327,-0.735,1.871,-0.569,2.42,-0.914,-0.298,-1.051,-1.553,-1.301,1.994,1.402,-0.069,1.389,0.756,1.876,-0.079
121237,DA 29 (SR 26 B)::IRGC 25850-1,DRO,3.778,1.047,0.531,0.339,0.573,-0.759,2.024,-0.593,2.39,-1.066,-0.772,-1.051,-1.854,-1.051,2.104,1.365,0.127,1.164,0.34,1.503,0.097
121576,NGAJA::IRGC 64917-1,DRO,8.0248,1.065,0.771,0.406,-0.097,-0.644,1.384,-0.532,2.54,-1.276,-0.559,-0.827,-1.538,-0.932,1.85,1.281,-0.007,1.462,0.829,1.747,-0.128
121642,SOM CAU 70 A::IRGC 8227-1,DRO,7.3518,0.786,0.524,0.329,-0.174,-0.735,1.68,-0.618,2.577,-0.788,-0.438,-0.991,-1.824,-0.815,1.993,1.318,-0.055,1.426,0.76,1.309,-0.179
121663,GAJPATI::IRGC 58981-1,DRO,4.1106,0.849,0.678,0.383,0.075,-0.71,1.95,-0.553,2.428,-0.883,-0.514,-1.081,-1.638,-1.187,2.075,1.497,0.086,1.665,0.511,1.881,0.167
121689,BADKALAMKATI::IRGC 45011-1,DRO,4.996,0.707,0.441,0.276,0.389,-0.842,1.851,-0.467,2.537,-0.975,-1,-1.032,-2,-1.086,2.08,1.316,0.068,1.088,0.673,1.916,-0.051
121705,APO::C1,DRO,4.5072,0.863,0.455,0.609,0.045,-0.68,1.887,-0.389,2.69,-0.609,-0.848,-0.963,-1.086,-0.733,1.859,1.57,-0.131,1.357,0.664,1.633,0.041
121708,ARC 15872::IRGC 43249-C1,DRO,6.3462,0.948,1.035,0.309,0.198,-0.654,1.773,-0.827,2.165,-1.328,-0.484,-0.893,-1.523,-1.31,2.012,1.312,-0.035,1.565,0.654,1.839,-0.085
121716,BH 2::C1,DRO,4.7396,0.619,-0.005,0.429,0.478,-0.532,1.894,-0.372,2.629,-0.714,-0.521,-0.745,-1.538,-1.081,2.122,1.463,0.09,1.076,0.77,2.007,-0.02
121717,BODOMANO::GERVEX 8343-C1,DRO,4.5913,0.87,0.464,0.325,0.483,-0.578,1.94,-0.398,2.583,-0.886,-0.348,-0.896,-1.959,-0.979,2.066,1.335,0.101,1.483,1.396,2.539,0
121721,BOTRIKELY::GERVEX 8404-C1,DRO,5.3365,0.75,0.756,-0.228,-0.012,-0.77,1.893,-0.506,2.859,-0.903,-0.818,-1,-1.744,-0.824,2.325,0.737,0.229,0.93,0.591,0.869,-0.071
121725,CHERIVIRUPPU::IRGC 19928-C1,DRO,6.9071,1.008,0.75,0.29,0.261,-0.757,1.714,-0.59,2.417,-1.252,-0.947,-0.928,-1.886,-1.31,1.948,1.281,-0.084,1.669,0.819,1.893,-0.128
121748,IR 2006-P12-12-2::IRGC 32675-C1,DRO,4.7316,0.808,0.811,0.422,0.024,-0.633,1.949,-0.36,2.542,-0.907,-0.268,-0.932,-1.42,-0.943,2.33,1.379,0.199,1.428,1.098,1.954,0.011
121750,IR 50::C1,DRO,7.1915,1.033,0.611,0.579,-0.14,-0.799,1.359,-0.672,2.67,-1.824,-1.092,-1.036,-1.824,-1.119,1.877,1.528,-0.067,1.508,0.584,1.748,-0.109
121751,IR 52::IRGC 53434-C1,DRO,2.8165,0.936,1.016,0.204,0.219,-0.708,2.137,-0.322,3.365,-0.607,-0.102,-1.046,-1.268,-0.625,2.351,1.201,0.276,1.64,1.164,1.897,0.236
121752,IR 55419-04::C1,DRO,8.6659,0.596,0.164,0.263,-0.215,-2.523,1.615,-0.386,2.578,-0.873,-0.449,-0.967,-1.745,-1.056,1.971,1.228,-0.082,1.4,0.795,1.628,-0.25
121753,IR 60::IRGC 63493-C1,DRO,7.9367,0.918,0.935,0.232,-0.2,-0.886,1.781,-0.644,2.553,-1.041,-0.348,-1.149,-1.77,-1.004,2.028,1.182,0.009,1.803,1.258,1.603,-0.102
121760,IR 72::C1,DRO,6.7989,0.578,0.199,0.472,-0.076,-0.64,1.798,-0.564,2.509,-1.081,-2,-0.827,-1.602,-0.845,2.231,1.454,0.22,1.382,0.822,1.798,-0.125
121771,JAMAJIGI::C1,DRO,4.8197,0.913,0.354,0.409,0.374,-0.75,1.94,-0.592,2.393,-0.987,-0.333,-0.863,-1.658,-1.18,2.053,1.44,0.097,1.514,0.635,0.939,0.035
121774,KALINGA III::C1,DRO,6.0657,1.103,0.693,0.57,-0.029,-0.458,1.618,-0.521,2.663,-1.009,-0.726,-0.936,-1.432,-1.131,1.976,1.461,-0.028,1.275,0.693,1.816,-0.105
121785,LOHAMBITRO 224::GERVEX 5144-C1,DRO,4.7436,1.019,0.776,0.642,0.012,-0.879,1.494,-0.545,2.742,-1.602,-0.752,-0.631,-1.658,-0.947,1.948,1.567,-0.058,1.504,0.385,1.493,0.016
121799,NIONOKA::C1,DRO,5.7853,0.639,0.653,0.208,-0.068,-1.222,1.825,-0.542,2.863,-0.955,-0.631,-1.237,-1.824,-0.936,2.221,1.186,0.184,1.307,0.711,1.491,-0.072
121808,POPOT::IRGC 43545-C1,DRO,5.0921,0.641,0.188,0.389,0.392,-0.588,1.893,-0.59,2.355,-0.735,-0.237,-0.833,-1.553,-1.194,2.007,1.395,-0.008,1.29,0.7,2.08,-0.045
121811,ROJOFOTSY 693::GERVEX 8407-C1,DRO,5.4367,1.069,0.873,0.528,-0.025,-1.022,1.432,-0.55,2.541,-1.337,-0.322,-0.686,-1.444,-0.971,1.875,1.516,-0.108,1.562,0.527,1.632,-0.018
121812,ROJOMENA 1034::GERVEX 8412-C1,DRO,3.9223,0.772,0.664,0.065,0.066,-0.642,1.974,-0.577,2.969,-1.131,-0.556,-0.815,-1.569,-0.839,2.351,1.015,0.3,1.424,0.323,1.769,0.087
121821,SAHELIKA::C1,DRO,4.4952,0.726,0.021,0.484,0.53,-1.18,1.913,-0.714,2.267,-0.712,-0.544,-0.943,-1.602,-1.284,2.096,1.525,-0.062,0.774,0.673,2.289,-0.032
121823,SOMIZY::GERVEX 8419-C1,DRO,4.6434,0.812,0.865,0.486,0.073,-0.558,2.004,-0.48,2.994,-0.87,-0.32,-0.824,-1.854,-0.812,2.376,1.481,0.147,1.4,1.167,1.798,0.011
121827,TELIMANI::C1,DRO,6.5144,0.877,0.246,0.479,-0.093,-0.793,1.803,-0.514,2.589,-1.013,-0.327,-0.78,-0.818,-1.051,2.11,1.412,0.11,1.44,0.71,1.205,-0.105
121829,TOKAMBANY 663::GERVEX 8358-C1,DRO,5.7212,0.626,0.473,0.292,0.439,-0.793,1.854,-0.415,2.58,-0.821,-0.369,-0.943,-1.745,-1.201,2.016,1.319,-0.029,0.773,1.007,2.349,-0.11
121830,TOKAMBANY 669::GERVEX 8406-C1,DRO,6.7909,1.027,0.645,0.495,-0.075,-0.936,1.403,-0.533,2.628,-1.921,-0.631,-0.73,-1.678,-1.056,1.846,1.5,-0.089,1.573,0.664,1.561,-0.073
121834,TSIPALA FOTSY 1883::GERVEX 5387-C1,DRO,5.5929,1.023,0.666,0.438,-0.018,-0.642,1.489,-0.495,2.674,-1.092,-0.331,-0.907,-1.602,-0.983,1.959,1.447,0.012,1.428,0.792,1.883,-0.028
121835,UPL RI 5::IRTP 7034-C1,DRO,6.0016,0.751,0.339,0.433,-0.064,-0.883,1.821,-0.553,2.642,-0.824,-0.474,-1.097,-1.509,-0.9,2.123,1.404,0.141,1.213,0.787,1.771,-0.086
121836,VARY MADINIKA 3494::GERVEX 8318-C1,DRO,7.6202,0.824,0.365,0.373,-0.117,-0.662,1.192,-0.788,2.493,-1.056,-0.66,-0.955,-1.42,-1.276,1.936,1.346,0.027,1.276,0.798,2.164,-0.175
121839,VARY VATO 154::GERVEX 5429-C1,DRO,4.1426,0.732,0.881,0.593,0.113,-0.507,2.05,-0.561,3.053,-0.893,-0.218,-0.74,-2.398,-0.767,2.42,1.551,0.199,1.516,1.147,1.683,0.08
121840,VATO MATSOAMALONA::GERVEX 8454-C1,DRO,6.5104,0.837,0.715,0.533,0.188,-0.672,1.755,-0.456,2.539,-1.066,-0.34,-0.812,-1.509,-1.268,2.028,1.549,-0.046,1.541,0.739,1.574,-0.098
121846,WAS 169-B-B-4-2-1::C1,DRO,4.8838,0.855,0.615,0.541,0.061,-0.59,1.901,-0.452,2.989,-0.577,-0.046,-0.81,-1.721,-0.983,2.44,1.511,0.398,1.275,0.742,1.736,0.012
121847,WAS 181-B-6-3::C1,DRO,5.5689,0.687,0.666,0.39,-0.012,-0.642,1.923,-0.465,2.804,-0.496,-0.049,-0.967,-1.155,-0.917,2.11,1.342,0.151,1.217,1.252,1.582,-0.07
121848,WAS 182-B-1-1::C1,DRO,5.1522,0.761,0.241,0.635,-0.026,-0.565,1.841,-0.449,2.649,-0.418,-0.32,-0.86,-1.569,-0.928,2.111,1.625,0.055,1.377,0.739,1.885,-0.03
121849,WAS 183-B-6-2-3::C1,DRO,5.5409,0.89,0.88,0.489,-0.014,-0.75,1.071,-0.434,2.488,-1.013,-0.29,-0.77,-1.745,-0.896,2.095,1.473,0.08,1.539,0.93,1.628,-0.02
121850,WAS 194-B-3-2-5::C1,DRO,5.8774,0.762,0.366,0.463,-0.052,-0.646,1.844,-0.485,2.7,-0.866,-0.34,-0.917,-1.678,-0.889,2.105,1.369,0.11,1.366,0.723,1.678,-0.069
121851,WAS 197-B-6-3-11::C1,DRO,5.3486,0.778,0.583,0.577,-0.024,-0.775,1.818,-0.334,2.601,-0.728,-0.446,-0.91,-1.538,-0.914,2.096,1.548,0.106,1.276,0.691,1.342,-0.055
121852,WAS 200-B-B-1-1-1::C1,DRO,4.3389,0.885,0.766,0.357,0.045,-0.648,1.921,-0.451,2.982,-1.076,-0.47,-0.917,-2,-0.833,2.348,1.298,0.281,1.436,0.776,0.685,0.024
121853,WAS 202-B-B-1-1-2::C1,DRO,4.375,0.891,0.529,0.341,0.088,-0.556,1.96,-0.427,2.908,-0.695,-0.544,-0.851,-1.481,-0.788,2.264,1.296,0.25,1.294,0.664,1.352,0.045
121854,WAS 207-B-B-3-1-1::C1,DRO,4.9679,0.756,0.026,0.405,0.494,-0.87,1.873,-0.754,2.22,-0.71,-0.465,-0.815,-1.523,-1.357,2.02,1.419,-0.048,0.182,0.575,1.563,-0.053
121855,WAS 208-B-B-5-1-1-3::C1,DRO,6.0016,0.714,0.957,0.173,-0.069,-0.701,1.827,-0.521,2.77,-0.967,-0.474,-0.987,-1.699,-0.943,2.234,1.115,0.176,1.278,0.657,0.263,-0.09
121856,WAS 20-B-B-1-2-2::C1,DRO,4.2668,0.963,1.138,0.434,0.088,-0.73,2.014,-0.421,3.033,-0.507,-0.096,-0.851,-2,-0.772,2.213,1.418,0.172,1.202,1.225,1.758,0.024
121857,WAS 30-11-4-6-2-2-1::C1,DRO,5.1803,1.025,0.398,0.639,-0.004,-0.772,1.873,-0.385,2.688,-0.883,-0.438,-0.764,-1.553,-0.854,2.153,1.507,0.134,1.41,0.729,1.457,-0.026
121858,WAS 62-B-B-17-1-1-3::C1,DRO,5.7171,0.922,0.343,0.508,-0.069,-0.636,1.772,-0.452,2.454,-0.996,-0.317,-0.75,-1.367,-0.873,2.065,1.359,0.042,1.525,0.69,1.655,-0.049
121881,JC 120::IRGC 9178-1,DRO,5.7853,0.811,0.561,0.335,0.322,-0.815,1.834,-0.495,2.509,-1.26,-0.747,-0.812,-1.42,-1.237,2.017,1.348,0.065,1.449,0.601,0.948,-0.081
121889,PELITA JANGGUT::IRGC 43540-1,DRO,4.6434,0.766,-0.034,0.322,0.467,-0.738,1.908,-0.616,2.375,-0.66,-0.393,-1.076,-1.585,-1.187,2.031,1.322,-0.039,1.238,0.53,1.445,0.008
121963,ANGIFOTSY 685::GERVEX 4717-C1,DRO,5.8093,0.656,0.808,0.053,-0.066,-0.623,1.843,-0.672,2.595,-1.18,-0.955,-0.842,-1.921,-0.979,2.187,1.025,0.155,1.465,0.51,0.833,-0.071
121965,ARANG::IRGC 43322-C1,DRO,4.363,0.824,0.48,0.331,0.439,-0.666,1.976,-0.551,2.426,-0.78,-0.439,-0.991,-1.62,-1.081,2.177,1.317,0.053,1.465,0.473,1.698,0.08
121990,BOTRA MAITSO::GERVEX 8389-C1,DRO,4.0545,0.913,0.976,-0.104,0.124,-0.618,2.017,-0.471,3.074,-1.222,-0.317,-0.777,-1.658,-0.921,2.253,0.91,0.236,1.595,0.858,1.136,0.106
122000,CARREON::IRGC 32575-C1,DRO,6.6346,1.022,0.667,0.572,-0.1,-0.68,1.771,-0.513,2.494,-1.229,-0.394,-0.907,-1.553,-0.955,2.105,1.54,0.078,1.651,0.713,0.84,-0.088
122011,CICA 8::C1,DRO,4.2628,0.967,0.433,0.473,0.518,-0.625,1.991,-0.529,3.069,-0.757,-0.547,-0.936,-1.638,-0.836,2.217,1.407,0.231,1.572,0.708,1.743,0.063
122025,CT 6510-24-1-2::C1,DRO,5.0481,0.838,0.441,0.621,-0.012,-0.842,1.85,-0.481,2.559,-0.735,-0.456,-1.086,-1.699,-0.86,2.188,1.613,0.166,1.307,0.68,1.5,-0.029
122029,DANAU LAUT TAWAR::C1,DRO,7.5721,0.765,0.489,0.44,-0.157,-0.839,0.899,-0.519,2.546,-1.155,-0.754,-0.873,-1.678,-0.947,1.808,1.433,-0.114,1.425,0.778,1.712,-0.152
122076,H 15-23-DA::C1,DRO,6.2139,0.726,0.376,0.388,0.337,-0.662,1.765,-0.519,2.473,-0.967,-0.815,-0.77,-1.456,-1.319,1.929,1.377,-0.077,1.299,0.661,1.916,-0.11
122088,IR 1561-228-3-3::IRGC 32627-C1,DRO,7.1635,0.83,0.52,0.326,-0.151,-0.9,1.745,-0.618,2.44,-0.86,-0.388,-1.244,-1.745,-1.125,2.133,1.281,0.058,1.458,0.781,1.582,-0.161
122089,IR 19746-28-2-2::IRGC 78072-C1,DRO,7.2476,0.623,0.407,0.364,-0.153,-0.876,1.758,-0.629,2.685,-0.807,-0.132,-1.119,-1.638,-1.114,2.053,1.302,0.006,1.301,1.088,1.885,-0.164
122090,IR 20::C1,DRO,5.3726,0.577,0.055,0.3,0.424,-0.8,1.835,-0.747,2.229,-0.896,-0.524,-1.292,-1.602,-1.357,1.921,1.344,-0.119,1.088,0.55,1.821,-0.087
122091,IR 22::IRGC 11356-C1,DRO,6.6787,0.571,-0.1,0.278,-0.107,-0.983,1.796,-0.583,2.617,-1.097,-0.636,-1.18,-1.481,-1.056,2.113,1.24,0.092,1.364,0.723,1.667,-0.127
122093,IR 2344-P1 PB-9-3-2B::IRGC 39317-C1,DRO,8.0529,0.907,0.38,0.466,-0.22,-0.788,1.019,-0.833,2.743,-1.284,-0.62,-0.921,-1.495,-1.292,1.9,1.393,-0.043,1.458,0.853,2.405,-0.19
122094,IR 28::IRGC 30411-C1,DRO,6.6346,0.888,0.364,0.529,-0.071,-0.672,1.235,-0.496,2.415,-1.131,-0.342,-0.775,-1.745,-0.991,1.999,1.553,0.044,1.358,1.254,1.981,-0.123
122098,IR 57920-AC 25-2-B::C1,DRO,10.5288,0.489,0.021,0.047,-0.24,-0.873,1.623,-0.752,2.448,-1.208,-0.71,-1.119,-1.523,-1.071,1.885,0.995,0.024,1.311,0.818,1.068,-0.299
122099,IR 57924-24::IRTP 16675-C1,DRO,9.7877,0.676,0.189,0.251,-0.257,-0.9,1.613,-0.812,2.429,-1.328,-0.845,-1.051,-1.658,-1.036,1.973,1.229,0.085,1.326,0.775,1.065,-0.261
122112,IR 74371-54-1-1::C1,DRO,6.3301,0.65,0.433,0.459,-0.037,-0.893,1.807,-0.369,2.623,-1.06,-0.417,-0.839,-2.523,-0.896,2.299,1.416,0.309,1.325,0.812,1.595,-0.106
122140,KOGONI 91-1::C1,DRO,5.641,0.739,-0.048,0.346,0.337,-0.648,1.815,-0.564,2.435,-0.851,-0.444,-0.876,-1.62,-1.208,1.884,1.378,-0.065,1.434,0.833,2.137,-0.095
122156,MACAN BINUNDOK::IRGC 8245-C1,DRO,7.3558,0.652,0.462,0.158,0.288,-0.733,1.706,-0.526,2.476,-1.187,-0.738,-0.83,-1.553,-1.284,1.968,1.139,-0.057,1.384,0.667,1.899,-0.176
122159,MAMORIAKA 114::GERVEX 5176-C1,DRO,5.2804,1.086,0.998,0.449,0.02,-0.714,1.507,-0.452,2.703,-1.237,-0.616,-0.996,-1.553,-0.959,2.017,1.477,0.086,1.386,0.625,1.526,-0.01
122179,NAM SA GUI 19::IRTP 6892-C1,DRO,8.3734,0.747,0.46,0.323,0.068,-1.301,1.695,-0.381,2.64,-1.585,-0.726,-0.827,-1.432,-1.194,2.048,1.274,0.03,1.653,0.951,2.001,-0.192
122181,NONA BOKRA::IRGC 22710-C1,DRO,6.851,0.862,0.419,0.229,0.129,-1.066,1.738,-0.564,2.429,-1.174,-0.434,-0.866,-1.509,-1.284,1.967,1.245,-0.066,1.687,0.817,2.228,-0.091
122206,POKKALI::IRGC 108921-C1,DRO,5.8053,1.183,0.867,0.392,-0.004,-0.644,1.507,-0.551,2.718,-1.585,-0.947,-0.914,-1.886,-0.951,1.935,1.408,-0.002,1.479,0.591,1.545,-0.026
122232,SAHEL 108::C1,DRO,7.0713,0.825,0.793,0.214,-0.139,-0.812,1.747,-0.607,2.6,-1.444,-0.68,-1.086,-1.658,-1.092,2.162,1.189,0.137,1.775,0.713,1.376,-0.089
122236,SALUMPIKIT::IRTP 4777-C1,DRO,7.4679,0.671,0.497,0.27,-0.154,-0.796,1.727,-0.627,2.544,-1.032,-0.674,-1.081,-1.796,-0.907,1.999,1.242,-0.03,1.433,0.796,1.73,-0.162
122239,SAMBALA MALO::C1,DRO,5.1442,0.799,0.556,0.362,-0.027,-0.636,1.869,-0.519,2.802,-0.921,-0.585,-0.807,-1.538,-0.963,2.143,1.287,0.074,1.368,0.588,1.506,-0.041
122255,SONA::IRGC 26971-C1,DRO,5.1843,0.932,0.658,0.485,0.407,-0.599,1.859,-0.68,2.321,-0.839,-0.815,-0.839,-1.432,-1.237,1.961,1.484,-0.082,1.078,0.57,1.798,-0.069
122258,SWARNA::IRGC 117278-C1,DRO,6.8229,0.728,0.682,0.405,-0.127,-0.75,1.793,-0.658,2.412,-0.996,-0.273,-0.979,-1.678,-0.947,2,1.392,-0.004,1.416,1.131,1.507,-0.141
122272,UPL RI 7::IRTP 9897-C1,DRO,4.8357,0.75,0.621,0.436,0,-0.674,1.876,-0.38,2.841,-0.854,-0.444,-0.87,-1.77,-0.879,2.177,1.391,0.125,1.508,0.64,0.948,0.032
122284,WAS 170-B-B-1-1::C1,DRO,4.98,0.965,0.682,0.615,0.004,-0.678,1.849,-0.276,2.775,-0.46,-0.041,-0.684,-1.62,-0.932,2.127,1.572,0.078,1.413,0.734,1.489,-0.004
122285,WAS 173-B-B-6-2-2::C1,DRO,5.597,0.772,0.477,0.397,-0.074,-0.75,1.794,-0.458,2.715,-0.777,-0.21,-0.815,-1.553,-1.009,2.132,1.283,0.054,1.426,0.667,1.21,-0.03
122286,WAS 174-B-3-5::C1,DRO,5.5769,0.907,0.599,0.416,-0.045,-0.757,1.857,-0.569,2.762,-0.854,-0.5,-0.863,-1.432,-0.936,2.055,1.331,0.071,1.492,0.722,1.479,-0.059
122287,WAS 198-B-3-1-3::C1,DRO,6.9471,0.624,0.519,0.085,-0.097,-0.658,1.778,-0.562,2.516,-0.939,-0.629,-0.81,-2.046,-1.102,2.114,1.082,0.135,1.474,0.719,1.681,-0.095
122288,WAS 199-B-1-2-1::C1,DRO,5.6771,0.96,1.077,0.131,-0.032,-0.759,1.839,-0.599,2.882,-0.943,-0.52,-1.066,-2,-1.004,2.215,1.088,0.253,1.114,0.666,0.953,-0.1
122289,WAS 203-B-B-2-4-1::C1,DRO,4.988,0.722,0.29,0.357,0.375,-0.712,1.882,-0.502,2.494,-0.754,-0.347,-0.932,-1.721,-1.149,2.039,1.383,0.024,1.335,0.704,2.04,-0.037
122290,WAS 206-B-B-2-2-1::C1,DRO,4.8878,0.851,0.564,0.464,-0.058,-1.086,1.49,-0.538,2.753,-0.845,-0.728,-1.032,-1.444,-0.955,1.956,1.466,-0.04,1.303,0.523,1.896,-0.007
122291,WAS 21-B-B-20-4-3-3::C1,DRO,5.645,0.846,0.265,0.588,-0.03,-0.767,1.83,-0.348,2.608,-0.678,0.029,-0.693,-1.31,-0.924,2.095,1.536,0.109,1.402,1.239,1.769,-0.056
122298,WAY RAREM::IRTP 23013-C1,DRO,7.7684,0.749,0.2,0.539,-0.111,-0.742,1.734,-0.463,2.587,-0.921,-0.523,-0.91,-1.638,-0.883,2.127,1.505,0.232,1.428,0.969,1.882,-0.137
